movie_id,title,release_date,budget,revenue,runtime,vote_average,vote_count,popularity,Genre_Action,Genre_Adventure,Genre_Animation,Genre_Comedy,Genre_Crime,Genre_Drama,Genre_Family,Genre_Fantasy,Genre_History,Genre_Horror,Genre_Music,Genre_Mystery,Genre_Romance,Genre_ScienceFiction,Genre_Thriller,Genre_War,Genre_Western
11,Star Wars,1977-05-25,11000000,775398007,121,8.202,21768,31.7335,1,1,0,0,0,0,0,0,0,0,0,0,0,1,0,0,0
12,Finding Nemo,2003-05-30,94000000,940335536,100,7.816,20125,16.037,0,0,1,0,0,0,1,0,0,0,0,0,0,0,0,0,0
13,Forrest Gump,1994-06-23,55000000,677387716,142,8.462,29024,22.0699,0,0,0,1,0,1,0,0,0,0,0,0,1,0,0,0,0
14,American Beauty,1999-09-15,15000000,356296601,122,8.004,12699,8.5252,0,0,0,0,0,1,0,0,0,0,0,0,0,0,0,0,0
15,Citizen Kane,1941-09-05,839727,23218000,119,7.993,5856,5.2302,0,0,0,0,0,1,0,0,0,0,0,1,0,0,0,0,0
16,Dancer in the Dark,2000-09-01,12500000,40061153,140,7.9,1923,2.6151,0,0,0,0,1,1,0,0,0,0,0,0,0,0,0,0,0
18,The Fifth Element,1997-05-02,90000000,263920180,126,7.562,11339,16.8107,1,1,0,0,0,0,0,0,0,0,0,0,0,1,0,0,0
19,Metropolis,1927-01-10,5300000,1350322,148,8.102,2989,4.1488,0,0,0,0,0,1,0,0,0,0,0,0,0,1,0,0,0
22,Pirates of the Caribbean: The Curse of the Black Pearl,2003-07-09,140000000,655011224,143,7.817,21699,20.129,1,1,0,0,0,0,0,1,0,0,0,0,0,0,0,0,0
24,Kill Bill: Vol. 1,2003-10-10,30000000,180906076,111,7.969,18408,11.8787,1,0,0,0,1,0,0,0,0,0,0,0,0,0,0,0,0
28,Apocalypse Now,1979-05-19,31500000,150000000,147,8.268,8783,9.1233,0,0,0,0,0,1,0,0,0,0,0,0,0,0,0,1,0
33,Unforgiven,1992-08-07,14400000,159157447,130,7.907,4760,6.9704,0,0,0,0,0,0,0,0,0,0,0,0,0,0,0,0,1
38,Eternal Sunshine of the Spotless Mind,2004-03-19,20000000,72258126,108,8.092,15892,11.7672,0,0,0,0,0,1,0,0,0,0,0,0,1,1,0,0,0
58,Pirates of the Caribbean: Dead Man's Chest,2006-07-06,200000000,1066179747,151,7.374,16769,15.8594,1,1,0,0,0,0,0,1,0,0,0,0,0,0,0,0,0
62,2001: A Space Odyssey,1968-04-02,12000000,71923560,149,8.06,12225,11.5043,0,1,0,0,0,0,0,0,0,0,0,1,0,1,0,0,0
70,Million Dollar Baby,2004-12-05,30000000,216763646,132,7.955,10101,5.3481,0,0,0,0,0,1,0,0,0,0,0,0,0,0,0,0,0
73,American History X,1998-07-01,20000000,23900000,119,8.33,12219,6.7078,0,0,0,0,0,1,0,0,0,0,0,0,0,0,0,0,0
76,Before Sunrise,1995-01-27,2500000,5987386,101,7.97,4508,6.5017,0,0,0,0,0,1,0,0,0,0,0,0,1,0,0,0,0
77,Memento,2000-10-11,9000000,40047236,113,8.178,15761,9.484,0,0,0,0,0,0,0,0,0,0,0,1,0,0,1,0,0
78,Blade Runner,1982-06-25,28000000,41722424,118,7.941,14566,11.8814,0,0,0,0,0,1,0,0,0,0,0,0,0,1,1,0,0
81,Nausicaä of the Valley of the Wind,1984-03-11,1000000,9016411,117,7.9,3898,6.3723,0,1,1,0,0,0,0,1,0,0,0,0,0,0,0,0,0
85,Raiders of the Lost Ark,1981-06-12,18000000,389925971,115,7.922,13255,13.0838,1,1,0,0,0,0,0,0,0,0,0,0,0,0,0,0,0
98,Gladiator,2000-05-04,103000000,465516248,155,8.221,20338,16.5021,1,1,0,0,0,1,0,0,0,0,0,0,0,0,0,0,0
100,"Lock, Stock and Two Smoking Barrels",1998-08-28,1350000,28356188,105,8.102,6970,5.8,0,0,0,1,1,0,0,0,0,0,0,0,0,0,0,0,0
101,Léon: The Professional,1994-09-14,16000000,45284974,111,8.299,15643,12.6992,1,0,0,0,1,1,0,0,0,0,0,0,0,0,0,0,0
103,Taxi Driver,1976-02-09,1900000,28579636,114,8.131,13049,13.2584,0,0,0,0,1,1,0,0,0,0,0,0,0,0,0,0,0
105,Back to the Future,1985-07-03,19000000,381109762,116,8.322,21203,21.3109,0,1,0,1,0,0,0,0,0,0,0,0,0,1,0,0,0
106,Predator,1987-06-12,15000000,98267558,107,7.543,8725,32.2342,1,1,0,0,0,0,0,0,0,0,0,0,0,1,1,0,0
107,Snatch,2000-09-01,100000000,83557872,103,7.817,9644,13.0437,0,0,0,1,1,0,0,0,0,0,0,0,0,0,0,0,0
111,Scarface,1983-12-09,25000000,66023329,170,8.157,12630,16.5622,1,0,0,0,1,1,0,0,0,0,0,0,0,0,0,0,0
114,Pretty Woman,1990-03-23,14000000,463406268,120,7.46,8735,14.6637,0,0,0,1,0,0,0,0,0,0,0,0,1,0,0,0,0
120,The Lord of the Rings: The Fellowship of the Ring,2001-12-18,93000000,871368364,179,8.427,26742,29.3669,1,1,0,0,0,0,0,1,0,0,0,0,0,0,0,0,0
121,The Lord of the Rings: The Two Towers,2002-12-18,79000000,926287400,179,8.411,23215,26.0305,1,1,0,0,0,0,0,1,0,0,0,0,0,0,0,0,0
122,The Lord of the Rings: The Return of the King,2003-12-17,94000000,1118888979,201,8.492,25791,25.4518,1,1,0,0,0,0,0,1,0,0,0,0,0,0,0,0,0
128,Princess Mononoke,1997-07-12,23500000,176506186,134,8.3,8660,10.6611,0,1,1,0,0,0,0,1,0,0,0,0,0,0,0,0,0
129,Spirited Away,2001-07-20,19000000,274925095,125,8.533,17755,21.1535,0,0,1,0,0,0,1,1,0,0,0,0,0,0,0,0,0
137,Groundhog Day,1993-02-11,14600000,71108778,101,7.622,8571,17.2203,0,0,0,1,0,1,0,1,0,0,0,0,1,0,0,0,0
149,Akira,1988-06-10,5700000,49000000,124,7.938,4586,6.2499,1,0,1,0,0,0,0,0,0,0,0,0,0,1,0,0,0
155,The Dark Knight,2008-07-16,185000000,1004558444,152,8.525,34900,27.1748,1,0,0,0,1,1,0,0,0,0,0,0,0,0,1,0,0
185,A Clockwork Orange,1971-10-28,2200000,27033812,137,8.18,13504,8.0088,0,0,0,0,1,0,0,0,0,0,0,0,0,1,0,0,0
194,Amélie,2001-04-25,10000000,173921954,122,7.914,12081,8.8147,0,0,0,1,0,0,0,0,0,0,0,0,1,0,0,0,0
196,Back to the Future Part III,1990-05-25,40000000,244527583,119,7.49,11201,16.1902,0,1,0,1,0,0,0,0,0,0,0,0,0,1,0,0,0
197,Braveheart,1995-05-24,72000000,213216216,178,7.941,10764,12.6004,1,0,0,0,0,1,0,0,1,0,0,0,0,0,0,1,0
207,Dead Poets Society,1989-06-02,16400000,235860116,129,8.3,12129,11.0445,0,0,0,0,0,1,0,0,0,0,0,0,0,0,0,0,0
213,North by Northwest,1959-08-06,4000000,13275000,136,7.977,4359,5.0608,0,1,0,0,0,0,0,0,0,0,0,0,0,0,1,0,0
218,The Terminator,1984-10-26,6400000,78371200,108,7.674,14107,17.1898,1,0,0,0,0,0,0,0,0,0,0,0,0,1,1,0,0
223,Rebecca,1940-04-12,1288000,7592465,130,7.9,1905,2.402,0,0,0,0,0,0,0,0,0,0,0,1,1,0,1,0,0
234,The Cabinet of Dr. Caligari,1920-02-26,18000,8811,77,7.926,1715,2.4252,0,0,0,0,1,1,0,0,0,1,0,0,0,0,1,0,0
238,The Godfather,1972-03-14,6000000,245066411,175,8.685,22208,29.4149,0,0,0,0,1,1,0,0,0,0,0,0,0,0,0,0,0
239,Some Like It Hot,1959-03-19,2883848,25000000,122,8.087,3743,9.8615,0,0,0,1,1,0,0,0,0,0,0,0,1,0,0,0,0
240,The Godfather Part II,1974-12-20,13000000,102600000,202,8.571,13427,18.2909,0,0,0,0,1,1,0,0,0,0,0,0,0,0,0,0,0
272,Batman Begins,2005-06-10,150000000,374218673,140,7.72,22076,18.1064,1,0,0,0,1,1,0,0,0,0,0,0,0,0,0,0,0
274,The Silence of the Lambs,1991-02-14,19000000,272742922,119,8.346,17381,3.6409,0,0,0,0,1,1,0,0,0,0,0,0,0,0,1,0,0
278,The Shawshank Redemption,1994-09-23,25000000,28341469,142,8.713,29423,52.8301,0,0,0,0,1,1,0,0,0,0,0,0,0,0,0,0,0
279,Amadeus,1984-09-19,18000000,90007557,160,8.0,4576,5.1796,0,0,0,0,0,1,0,0,1,0,1,0,0,0,0,0,0
280,Terminator 2: Judgment Day,1991-07-03,102000000,520000000,137,8.136,13799,16.0466,1,0,0,0,0,0,0,0,0,0,0,0,0,1,1,0,0
284,The Apartment,1960-06-21,3000000,25000000,125,8.195,2530,6.0058,0,0,0,1,0,1,0,0,0,0,0,0,1,0,0,0,0
285,Pirates of the Caribbean: At World's End,2007-05-19,300000000,961691209,169,7.3,15101,16.0278,1,1,0,0,0,0,0,1,0,0,0,0,0,0,0,0,0
289,Casablanca,1943-01-15,878000,10462500,103,8.144,5843,7.2883,0,0,0,0,0,1,0,0,0,0,0,0,1,0,0,0,0
307,"Rome, Open City",1945-10-08,20000,1000000,103,8.02,952,3.6152,0,0,0,0,0,1,0,0,0,0,0,0,0,0,0,1,0
311,Once Upon a Time in America,1984-05-23,30000000,5500000,229,8.396,5824,10.5082,0,0,0,0,1,1,0,0,0,0,0,0,0,0,0,0,0
329,Jurassic Park,1993-06-11,63000000,920100000,127,7.964,17352,8.6771,0,1,0,0,0,0,0,0,0,0,0,0,0,1,0,0,0
335,Once Upon a Time in the West,1968-12-21,5000000,5380118,166,8.3,4714,8.5965,0,0,0,0,0,1,0,0,0,0,0,0,0,0,0,0,1
346,Seven Samurai,1954-04-26,2000000,105000000,207,8.452,4062,8.932,1,0,0,0,0,1,0,0,0,0,0,0,0,0,0,0,0
348,Alien,1979-05-25,11000000,104931801,117,8.167,15849,17.238,0,0,0,0,0,0,0,0,0,1,0,0,0,1,0,0,0
387,Das Boot,1981-09-17,14000000,85000000,150,8.084,2400,4.5137,0,0,0,0,0,1,0,0,1,0,0,0,0,0,0,1,0
389,12 Angry Men,1957-04-10,397751,4360000,97,8.549,9614,10.0581,0,0,0,0,0,1,0,0,0,0,0,0,0,0,0,0,0
393,Kill Bill: Vol. 2,2004-04-16,30000000,152159461,136,7.875,14668,11.6263,1,0,0,0,1,0,0,0,0,0,0,0,0,0,1,0,0
406,La Haine,1995-05-31,2600000,15300000,98,8.083,4380,6.0774,0,0,0,0,0,1,0,0,0,0,0,0,0,0,0,0,0
411,"The Chronicles of Narnia: The Lion, the Witch and the Wardrobe",2005-12-07,180000000,745013115,143,7.137,11218,25.5046,0,1,0,0,0,0,1,1,0,0,0,0,0,0,0,0,0
423,The Pianist,2002-09-17,35000000,120098945,150,8.379,9817,9.0227,0,0,0,0,0,1,0,0,0,0,0,0,0,0,0,1,0
424,Schindler's List,1993-12-15,22000000,321365567,195,8.565,16945,14.0758,0,0,0,0,0,1,0,0,1,0,0,0,0,0,0,1,0
426,Vertigo,1958-05-09,2479000,7808900,128,8.2,6138,5.1581,0,0,0,0,0,0,0,0,0,0,0,1,1,0,1,0,0
429,"The Good, the Bad and the Ugly",1966-12-22,1200000,38900000,161,8.466,9306,13.2686,0,0,0,0,0,0,0,0,0,0,0,0,0,0,0,0,1
453,A Beautiful Mind,2001-12-14,58000000,316791257,135,7.856,10767,9.2131,0,0,0,0,0,1,0,0,0,0,0,0,1,0,0,0,0
489,Good Will Hunting,1997-12-05,10000000,225900000,127,8.157,13360,13.6423,0,0,0,0,0,1,0,0,0,0,0,0,0,0,0,0,0
490,The Seventh Seal,1957-02-16,150000,311212,96,8.164,3229,5.9249,0,0,0,0,0,1,0,1,0,0,0,0,0,0,0,0,0
497,The Green Mile,1999-12-10,60000000,286801374,189,8.503,18661,19.7207,0,0,0,0,1,1,0,1,0,0,0,0,0,0,0,0,0
500,Reservoir Dogs,1992-09-02,1200000,2859750,99,8.117,15024,8.7078,0,0,0,0,1,0,0,0,0,0,0,0,0,0,1,0,0
508,Love Actually,2003-09-07,40000000,250779876,135,7.095,7197,17.3015,0,0,0,1,0,1,0,0,0,0,0,0,1,0,0,0,0
510,One Flew Over the Cuckoo's Nest,1975-11-19,3000000,108981275,133,8.412,11095,7.7065,0,0,0,0,0,1,0,0,0,0,0,0,0,0,0,0,0
521,Dial M for Murder,1954-05-29,1400000,3000000,105,8.0,2767,2.8505,0,0,0,0,1,0,0,0,0,0,0,0,0,0,1,0,0
524,Casino,1995-11-22,50000000,116112375,179,7.992,6305,8.3775,0,0,0,0,1,1,0,0,0,0,0,0,0,0,0,0,0
539,Psycho,1960-09-08,806947,50048065,109,8.421,10690,11.4072,0,0,0,0,0,0,0,0,0,1,0,1,0,0,1,0,0
548,Rashomon,1950-08-26,250000,117668,88,8.047,2428,3.2733,0,0,0,0,1,1,0,0,0,0,0,1,0,0,0,0,0
550,Fight Club,1999-10-15,63000000,100853753,139,8.438,31160,28.5771,0,0,0,0,0,1,0,0,0,0,0,0,0,0,1,0,0
557,Spider-Man,2002-05-01,139000000,821708551,121,7.318,20139,17.9598,1,0,0,0,0,0,0,0,0,0,0,0,0,1,0,0,0
562,Die Hard,1988-07-15,28000000,140767956,132,7.804,11895,28.195,1,0,0,0,0,0,0,0,0,0,0,0,0,0,1,0,0
567,Rear Window,1954-09-01,1000000,37042336,112,8.348,6930,5.936,0,0,0,0,0,0,0,0,0,0,0,1,0,0,1,0,0
578,Jaws,1975-06-20,7000000,470653000,124,7.68,11211,19.5069,0,1,0,0,0,0,0,0,0,1,0,0,0,0,1,0,0
582,The Lives of Others,2006-03-23,2000000,77672685,137,8.038,3964,4.5406,0,0,0,0,0,1,0,0,0,0,0,0,0,0,1,0,0
585,"Monsters, Inc.",2001-11-01,115000000,579700000,92,7.847,19325,18.5537,0,0,1,1,0,0,1,0,0,0,0,0,0,0,0,0,0
595,To Kill a Mockingbird,1962-12-20,2000000,13129846,129,7.995,2763,4.228,0,0,0,0,0,1,0,0,0,0,0,0,0,0,0,0,0
597,Titanic,1997-11-18,200000000,2264162353,194,7.903,26598,33.7809,0,0,0,0,0,1,0,0,0,0,0,0,1,0,0,0,0
598,City of God,2002-08-30,3300000,30641770,129,8.426,7917,8.1396,0,0,0,0,1,1,0,0,0,0,0,0,0,0,0,0,0
599,Sunset Boulevard,1950-08-10,1752000,5000000,110,8.288,2814,4.1912,0,0,0,0,0,1,0,0,0,0,0,0,0,0,0,0,0
600,Full Metal Jacket,1987-06-26,30000000,46357676,117,8.123,11130,8.5388,0,0,0,0,0,1,0,0,0,0,0,0,0,0,0,1,0
601,E.T. the Extra-Terrestrial,1982-06-11,10500000,797307407,115,7.511,11711,25.2869,0,1,0,0,0,0,1,1,0,0,0,0,0,1,0,0,0
603,The Matrix,1999-03-31,63000000,463517383,136,8.237,27146,23.6265,1,0,0,0,0,0,0,0,0,0,0,0,0,1,0,0,0
627,Trainspotting,1996-02-23,4000000,71981823,94,7.96,10133,9.5301,0,0,0,0,1,1,0,0,0,0,0,0,0,0,0,0,0
629,The Usual Suspects,1995-07-19,6000000,23300000,106,8.172,11035,11.7916,0,0,0,0,1,1,0,0,0,0,0,0,0,0,1,0,0
637,Life Is Beautiful,1997-12-20,20000000,230098753,116,8.441,13691,7.543,0,0,0,1,0,1,0,0,0,0,0,0,0,0,0,0,0
640,Catch Me If You Can,2002-12-16,52000000,352114312,141,7.978,16603,14.3959,0,0,0,0,1,1,0,0,0,0,0,0,0,0,0,0,0
641,Requiem for a Dream,2000-10-06,4500000,7390108,102,8.014,10644,4.6577,0,0,0,0,1,1,0,0,0,0,0,0,0,0,0,0,0
652,Troy,2004-05-13,175000000,497409852,163,7.164,10756,16.3628,1,0,0,0,0,0,0,0,1,0,0,0,0,0,0,1,0
654,On the Waterfront,1954-06-22,910000,9600631,108,7.877,1701,2.2575,0,0,0,0,1,1,0,0,0,0,0,0,1,0,0,0,0
655,"Paris, Texas",1984-07-16,1750000,2181987,145,8.088,2108,4.0975,0,0,0,0,0,1,0,0,0,0,0,0,0,0,0,0,0
665,Ben-Hur,1959-11-18,15000000,164000000,212,7.887,2999,9.0575,0,1,0,0,0,1,0,0,1,0,0,0,0,0,0,0,0
666,Central Station,1998-04-03,2900000,5596708,110,8.1,1007,4.003,0,0,0,0,0,1,0,0,0,0,0,0,0,0,0,0,0
670,Oldboy,2003-11-21,3000000,17500000,120,8.244,9423,13.0617,1,0,0,0,0,1,0,0,0,0,0,1,0,0,1,0,0
671,Harry Potter and the Philosopher's Stone,2001-11-16,125000000,976475550,152,7.899,28954,31.1353,0,1,0,0,0,0,0,1,0,0,0,0,0,0,0,0,0
672,Harry Potter and the Chamber of Secrets,2002-11-13,100000000,876688482,161,7.705,23091,22.9912,0,1,0,0,0,0,0,1,0,0,0,0,0,0,0,0,0
673,Harry Potter and the Prisoner of Azkaban,2004-05-31,130000000,789804554,141,8.01,22666,21.9089,0,1,0,0,0,0,0,1,0,0,0,0,0,0,0,0,0
675,Harry Potter and the Order of the Phoenix,2007-07-08,150000000,938212738,138,7.674,20383,21.5903,0,1,0,0,0,0,0,1,0,0,0,0,0,0,0,0,0
679,Aliens,1986-07-18,18500000,183316455,137,7.955,10494,11.6451,1,0,0,0,0,0,0,0,0,0,0,0,0,1,1,0,0
680,Pulp Fiction,1994-09-10,8000000,213928762,154,8.486,29444,21.8809,0,0,0,1,1,0,0,0,0,0,0,0,0,0,1,0,0
694,The Shining,1980-05-23,19000000,44781695,144,8.206,18438,16.1616,0,0,0,0,0,0,0,0,0,1,0,0,0,0,1,0,0
705,All About Eve,1950-11-09,1400000,8402553,139,8.075,1638,2.1073,0,0,0,0,0,1,0,0,0,0,0,0,0,0,0,0,0
745,The Sixth Sense,1999-08-06,40000000,672800000,107,7.947,12451,10.13,0,0,0,0,0,1,0,0,0,0,0,1,0,0,1,0,0
752,V for Vendetta,2006-02-23,54000000,134686457,132,7.898,15186,7.7735,1,0,0,0,0,0,0,0,0,0,0,0,0,1,1,0,0
767,Harry Potter and the Half-Blood Prince,2009-07-15,250000000,933959197,153,7.682,20354,25.9548,0,1,0,0,0,0,0,1,0,0,0,0,0,0,0,0,0
769,GoodFellas,1990-09-12,25000000,47072327,145,8.453,13867,17.1875,0,0,0,0,1,1,0,0,0,0,0,0,0,0,0,0,0
770,Gone with the Wind,1939-12-15,4000000,402352579,233,7.918,4260,8.3753,0,0,0,0,0,1,0,0,0,0,0,0,1,0,0,1,0
772,Home Alone 2: Lost in New York,1992-11-15,18000000,358994850,120,6.775,10317,58.4862,0,1,0,1,0,0,1,0,0,0,0,0,0,0,0,0,0
804,Roman Holiday,1953-08-26,1500000,12000000,119,7.889,2192,4.4542,0,0,0,1,0,1,0,0,0,0,0,0,1,0,0,0,0
807,Se7en,1995-09-22,33000000,327311859,127,8.379,22406,18.3795,0,0,0,0,1,0,0,0,0,0,0,1,0,0,1,0,0
808,Shrek,2001-05-18,60000000,488628188,90,7.754,18221,26.431,0,1,1,1,0,0,1,1,0,0,0,0,0,0,0,0,0
809,Shrek 2,2004-05-19,150000000,935454538,92,7.304,13089,14.9954,0,1,1,1,0,0,1,1,0,0,0,0,1,0,0,0,0
821,Judgment at Nuremberg,1961-12-18,3000000,10000000,191,8.0,891,3.6372,0,0,0,0,0,1,0,0,1,0,0,0,0,0,0,0,0
829,Chinatown,1974-06-20,6000000,30000000,130,7.915,4108,5.6488,0,0,0,0,1,1,0,0,0,0,0,1,0,0,1,0,0
843,In the Mood for Love,2000-09-29,3000000,15867968,99,8.091,3106,10.3547,0,0,0,0,0,1,0,0,0,0,0,0,1,0,0,0,0
854,The Mask,1994-07-29,23000000,351583407,101,6.974,10906,14.7361,0,0,0,1,1,0,0,1,0,0,0,0,1,0,0,0,0
857,Saving Private Ryan,1998-07-24,70000000,481840909,169,8.221,16740,13.5092,0,0,0,0,0,1,0,0,1,0,0,0,0,0,0,1,0
862,Toy Story,1995-11-22,30000000,401157969,81,7.97,19392,22.3688,0,1,1,1,0,0,1,0,0,0,0,0,0,0,0,0,0
863,Toy Story 2,1999-10-30,90000000,497375404,92,7.604,14534,13.7301,0,0,1,1,0,0,1,0,0,0,0,0,0,0,0,0,0
869,Planet of the Apes,2001-07-27,100000000,362211740,120,5.763,4292,12.8777,1,1,0,0,0,0,0,0,0,0,0,0,0,1,1,0,0
872,Singin' in the Rain,1952-04-10,2540800,7200000,103,8.14,3377,4.7271,0,0,0,1,0,0,0,0,0,0,0,0,1,0,0,0,0
901,City Lights,1931-02-06,1500000,4250000,87,8.263,2365,2.7327,0,0,0,1,0,1,0,0,0,0,0,0,1,0,0,0,0
914,The Great Dictator,1940-10-15,2000000,11000000,125,8.3,3574,2.4778,0,0,0,1,0,0,0,0,0,0,0,0,0,0,0,1,0
935,Dr. Strangelove or: How I Learned to Stop Worrying and Love the Bomb,1964-01-29,1800000,9500000,95,8.125,5970,5.0456,0,0,0,1,0,0,0,0,0,0,0,0,0,0,0,1,0
938,For a Few Dollars More,1965-12-18,600000,15000000,132,8.0,4275,6.9693,0,0,0,0,0,0,0,0,0,0,0,0,0,0,0,0,1
947,Lawrence of Arabia,1962-12-11,15000000,70000000,228,7.997,3281,6.0825,0,1,0,0,0,0,0,0,1,0,0,0,0,0,0,1,0
949,Heat,1995-12-15,60000000,187400000,170,7.926,7970,13.3537,1,0,0,0,1,1,0,0,0,0,0,0,0,0,0,0,0
953,Madagascar,2005-05-25,75000000,542064525,86,6.917,11412,14.1376,0,1,1,1,0,0,1,0,0,0,0,0,0,0,0,0,0
961,The General,1926-12-25,750000,1000000,79,7.9,1358,2.6331,1,1,0,1,0,0,0,0,0,0,0,0,1,0,0,1,0
962,The Gold Rush,1925-07-13,923000,4000000,95,7.981,1758,3.0087,0,1,0,1,0,1,0,0,0,0,0,0,0,0,0,0,0
975,Paths of Glory,1957-10-25,935000,1200000,88,8.26,3155,5.739,0,0,0,0,0,1,0,0,0,0,0,0,0,0,0,1,0
996,Double Indemnity,1944-07-06,927262,2500000,107,8.107,1951,2.6614,0,0,0,0,1,0,0,0,0,0,0,0,0,0,1,0,0
1091,The Thing,1982-06-25,15000000,19629760,109,8.07,7607,10.1643,0,0,0,0,0,0,0,0,0,1,0,1,0,1,0,0,0
1124,The Prestige,2006-10-17,40000000,109676311,130,8.2,17059,12.1185,0,0,0,0,0,1,0,0,0,0,0,1,0,1,0,0,0
1162,The Miracle Worker,1962-05-23,500000,2500000,106,7.889,328,1.4323,0,0,0,0,0,1,0,0,0,0,0,0,0,0,0,0,0
1396,Mirror,1975-03-07,825000,124367,107,7.9,1045,3.7568,0,0,0,0,0,1,0,0,1,0,0,0,0,0,0,0,0
1402,The Pursuit of Happyness,2006-12-14,55000000,307077295,117,7.887,10339,10.1593,0,0,0,0,0,1,0,0,0,0,0,0,0,0,0,0,0
1422,The Departed,2006-10-04,90000000,291465000,151,8.159,15735,10.5087,0,0,0,0,1,1,0,0,0,0,0,0,0,0,1,0,0
1578,Raging Bull,1980-11-14,18000000,23380203,129,7.9,4594,4.0445,0,0,0,0,0,1,0,0,0,0,0,0,0,0,0,0,0
1580,Rope,1948-09-25,1500000,2200000,81,7.94,2908,4.1194,0,0,0,0,1,1,0,0,0,0,0,0,0,0,1,0,0
1581,The Holiday,2006-12-05,85000000,205233866,136,7.094,5476,16.9981,0,0,0,1,0,0,0,0,0,0,0,0,1,0,0,0,0
1585,It's a Wonderful Life,1946-12-20,3180000,9644124,130,8.3,4705,22.0851,0,0,0,0,0,1,1,1,0,0,0,0,0,0,0,0,0
1607,A Bronx Tale,1993-10-01,22000000,17287898,121,7.874,2718,8.4741,0,0,0,0,1,1,0,0,0,0,0,0,0,0,0,0,0
1621,Trading Places,1983-06-07,15000000,90404800,116,7.228,3536,16.7984,0,0,0,1,0,0,0,0,0,0,0,0,0,0,0,0,0
1646,Freedom Writers,2007-01-05,21000000,43095175,123,7.922,2361,2.589,0,0,0,0,1,1,0,0,0,0,0,0,0,0,0,0,0
1726,Iron Man,2008-04-30,140000000,585174222,126,7.655,27579,18.8244,1,1,0,0,0,0,0,0,0,0,0,0,0,1,0,0,0
1865,Pirates of the Caribbean: On Stranger Tides,2011-05-15,379000000,1046721266,136,6.565,14643,18.91,1,1,0,0,0,0,0,1,0,0,0,0,0,0,0,0,0
1891,The Empire Strikes Back,1980-05-20,18000000,538400000,124,8.393,17923,8.5553,1,1,0,0,0,0,0,0,0,0,0,0,0,1,0,0,0
1892,Return of the Jedi,1983-05-25,32350000,572700000,132,7.903,16520,8.4617,1,1,0,0,0,0,0,0,0,0,0,0,0,1,0,0,0
1930,The Amazing Spider-Man,2012-06-23,215000000,757930663,136,6.724,18123,13.53,1,1,0,0,0,0,0,0,0,0,0,0,0,1,0,0,0
1955,The Elephant Man,1980-10-09,5000000,26000000,124,8.05,3785,4.3552,0,0,0,0,0,1,0,0,1,0,0,0,0,0,0,0,0
2022,Mr. Deeds,2002-06-28,50000000,171269565,96,5.915,2440,15.9653,0,0,0,1,0,0,0,0,0,0,0,0,1,0,0,0,0
2062,Ratatouille,2007-06-28,150000000,623726000,111,7.8,18018,17.0235,0,0,1,1,0,0,1,1,0,0,0,0,0,0,0,0,0
2118,L.A. Confidential,1997-09-19,35000000,126216940,138,7.803,5325,12.5831,0,0,0,0,1,1,0,0,0,0,0,1,0,0,1,0,0
3034,Young Frankenstein,1974-12-15,2800000,86273333,106,7.861,3307,3.8595,0,0,0,1,0,0,0,0,0,0,0,0,0,0,0,0,0
3082,Modern Times,1936-02-05,1500000,1800000,87,8.284,3941,2.7735,0,0,0,1,0,1,0,0,0,0,0,0,1,0,0,0,0
3090,The Treasure of the Sierra Madre,1948-01-15,3800000,4307000,126,7.958,1288,1.8567,0,1,0,0,0,1,0,0,0,0,0,0,0,0,0,0,1
3175,Barry Lyndon,1975-12-18,11000000,31500000,188,7.991,3057,3.6421,0,0,0,0,0,1,0,0,1,0,0,0,1,0,0,1,0
4348,Pride & Prejudice,2005-09-16,28000000,124604345,127,8.055,8542,16.745,0,0,0,0,0,1,0,0,0,0,0,0,1,0,0,0,0
4935,Howl's Moving Castle,2004-09-09,24000000,236049757,119,8.389,10693,14.8531,0,1,1,0,0,0,0,1,0,0,0,0,0,0,0,0,0
5156,Bicycle Thieves,1948-07-21,133000,450159,89,8.175,2571,2.8556,0,0,0,0,0,1,0,0,0,0,0,0,0,0,0,0,0
5255,The Polar Express,2004-11-10,165000000,318432432,100,6.722,6729,20.6741,0,1,1,0,0,0,1,1,0,0,0,0,0,0,0,0,0
5825,National Lampoon's Christmas Vacation,1989-11-30,27000000,74542088,97,7.236,2599,16.2026,0,0,0,1,0,0,0,0,0,0,0,0,0,0,0,0,0
5925,The Great Escape,1963-07-03,4000000,11700000,173,7.939,2730,6.77,0,1,0,0,0,1,0,0,0,0,0,0,0,0,0,1,0
6977,No Country for Old Men,2007-11-09,25000000,171627166,122,7.947,12873,11.1478,0,0,0,0,1,0,0,0,0,0,0,0,0,0,1,0,1
7345,There Will Be Blood,2007-12-26,25000000,77208711,158,8.08,7145,7.5906,0,0,0,0,0,1,0,0,0,0,0,0,0,0,0,0,0
7347,Elite Squad,2007-10-12,4000000,14759148,115,8.06,2606,5.5632,1,0,0,0,1,1,0,0,0,0,0,0,0,0,0,0,0
7451,xXx,2002-08-09,70000000,277448382,124,5.979,4708,70.9073,1,1,0,0,1,1,0,0,0,0,0,0,0,0,1,0,0
7485,Shooter,2007-03-22,61000000,95700000,124,7.122,5251,14.0559,1,0,0,0,0,1,0,0,0,0,0,0,0,0,1,0,0
7508,Like Stars on Earth,2007-12-21,2600000,28430000,162,8.0,1269,5.5771,0,0,0,0,0,1,0,0,0,0,0,0,0,0,0,0,0
7984,In the Name of the Father,1993-12-12,13000000,65796862,133,7.893,1879,2.0583,0,0,0,0,0,1,0,0,0,0,0,0,0,0,0,0,0
8316,The Countess,2009-03-13,8500000,784522,100,5.906,177,15.9909,0,0,0,0,0,1,0,0,1,1,0,1,0,0,1,0,0
8392,My Neighbor Totoro,1988-04-16,3700000,41000000,86,8.064,8513,10.9869,0,0,1,0,0,0,1,1,0,0,0,0,0,0,0,0,0
8420,...And God Created Woman,1956-11-28,300000,33000000,92,6.0,245,15.1499,0,0,0,0,0,1,0,0,0,0,0,0,1,0,0,0,0
8587,The Lion King,1994-06-15,45000000,763455561,89,8.256,19231,16.7754,0,1,1,0,0,1,1,0,0,0,0,0,0,0,0,0,0
8871,How the Grinch Stole Christmas,2000-11-17,123000000,345800000,105,6.782,8071,46.2896,0,0,0,1,0,0,1,1,0,0,0,0,0,0,0,0,0
8966,Twilight,2008-11-20,37000000,393616788,122,6.283,14134,16.7942,0,0,0,0,0,1,0,1,0,0,0,0,1,0,0,0,0
9277,The Sting,1973-12-25,5500000,159616327,129,8.022,2824,4.6131,0,0,0,1,1,1,0,0,0,0,0,0,0,0,0,0,0
9323,Ghost in the Shell,1995-11-18,3000000,10000000,83,7.923,3708,6.2474,1,0,1,0,0,0,0,0,0,0,0,0,0,1,0,0,0
9360,Anaconda,1997-04-11,45000000,136885767,90,5.253,2678,13.486,0,1,0,0,0,0,0,0,0,1,0,0,0,0,1,0,0
9479,The Nightmare Before Christmas,1993-10-29,18000000,75634409,76,7.833,10080,13.2085,0,0,1,0,0,0,1,1,0,0,0,0,0,0,0,0,0
9502,Kung Fu Panda,2008-06-04,130000000,632091832,90,7.311,12261,14.6403,1,1,1,1,0,0,1,0,0,0,0,0,0,0,0,0,0
9702,Bound by Honor,1993-02-05,35000000,4500000,180,8.137,1468,8.5178,1,0,0,0,1,1,0,0,0,0,0,0,0,0,1,0,0
9714,Home Alone 3,1997-12-12,32000000,79082515,102,5.277,3188,20.7354,0,0,0,1,0,0,1,0,0,0,0,0,0,0,0,0,0
9928,Robots,2005-03-10,75000000,262511490,90,6.476,4796,16.9937,0,0,1,1,0,0,1,0,0,0,0,0,0,1,0,0,0
10098,The Kid,1921-01-21,250000,5450000,68,8.1,2279,2.6259,0,0,0,1,0,1,0,0,0,0,0,0,0,0,0,0,0
10138,Iron Man 2,2010-04-28,200000000,623933331,124,6.849,21924,17.0729,1,1,0,0,0,0,0,0,0,0,0,0,0,1,0,0,0
10191,How to Train Your Dragon,2010-03-18,165000000,495141736,98,7.9,13961,15.646,0,1,1,0,0,0,1,1,0,0,0,0,0,0,0,0,0
10192,Shrek Forever After,2010-05-20,165000000,752600867,93,6.392,7757,24.9829,0,1,1,1,0,0,1,1,0,0,0,0,0,0,0,0,0
10195,Thor,2011-04-21,150000000,449326618,115,6.768,21951,13.406,1,1,0,0,0,0,0,1,0,0,0,0,0,0,0,0,0
10376,The Legend of 1900,1998-10-28,9000000,21057208,170,8.246,2376,3.8147,0,0,0,0,0,1,0,0,0,0,1,0,0,0,0,0,0
10386,The Iron Giant,1999-08-06,50000000,23300000,86,7.953,5973,6.5527,0,0,1,0,0,1,1,0,0,0,0,0,0,1,0,0,0
10404,Raise the Red Lantern,1991-12-18,1000000,16600000,125,7.926,773,3.5345,0,0,0,0,0,1,0,0,0,0,0,0,0,0,0,0,0
10437,The Muppet Christmas Carol,1992-12-11,12000000,27300000,86,7.431,1121,44.1512,0,0,0,1,0,1,1,1,0,0,1,0,0,0,0,0,0
10494,Perfect Blue,1998-02-28,3000000,683666,82,8.299,3010,8.6143,0,0,1,0,0,0,0,0,0,0,0,0,0,0,1,0,0
10515,Castle in the Sky,1986-08-02,3000000,5228752,125,8.0,4519,7.8038,1,1,1,0,0,0,1,1,0,0,0,0,0,0,0,0,0
10640,Futureworld,1976-08-13,2500000,4200000,108,5.9,346,13.9439,1,1,0,0,0,0,0,0,0,0,0,0,0,1,1,0,0
10674,Mulan,1998-06-18,90000000,304320254,88,7.9,10202,11.2487,0,1,1,0,0,0,1,0,0,0,0,0,0,0,0,0,0
10681,WALL·E,2008-06-22,180000000,521311860,98,8.106,19754,17.6022,0,0,1,0,0,0,1,0,0,0,0,0,0,1,0,0,0
10743,Confidence,2003-04-25,15000000,23014206,97,6.3,467,18.0918,1,0,0,1,1,0,0,0,0,0,0,1,0,0,1,0,0
10764,Quantum of Solace,2008-10-29,200000000,589593688,106,6.336,8279,15.7106,1,1,0,0,1,0,0,0,0,0,0,0,0,0,1,0,0
10874,Muppet Treasure Island,1996-02-16,31000000,34327766,99,6.7,440,13.3447,0,1,0,1,0,0,1,0,0,0,0,0,0,0,0,0,0
10997,Farewell My Concubine,1993-01-01,4000000,6400000,171,7.946,648,4.4227,0,0,0,0,0,1,0,0,0,0,0,0,0,0,0,0,0
11010,The Postman,1994-09-22,3000000,33000000,109,7.922,1187,1.74,0,0,0,1,0,1,0,0,0,0,0,0,1,0,0,0,0
11036,The Notebook,2004-06-25,29000000,115600000,123,7.891,12234,13.5075,0,0,0,0,0,1,0,0,0,0,0,0,1,0,0,0,0
11216,Cinema Paradiso,1988-11-17,5000000,12462062,124,8.428,4679,6.2614,0,0,0,0,0,1,0,0,0,0,0,0,1,0,0,0,0
11293,Paper Moon,1973-05-09,2500000,30900000,102,7.86,788,2.1715,0,0,0,1,1,1,0,0,0,0,0,0,0,0,0,0,0
11324,Shutter Island,2010-02-14,80000000,294804195,138,8.202,25185,16.2184,0,0,0,0,0,1,0,0,0,0,0,1,0,0,1,0,0
11423,Memories of Murder,2003-04-25,2800000,26000000,131,8.052,4330,7.7457,0,0,0,0,1,1,0,0,0,0,0,0,0,0,1,0,0
11645,Ran,1985-06-01,12000000,23334156,160,8.0,1717,5.0205,1,0,0,0,0,1,0,0,1,0,0,0,0,0,0,0,0
11778,The Deer Hunter,1978-12-08,15000000,49000000,183,8.0,4089,6.4911,0,0,0,0,0,1,0,0,0,0,0,0,0,0,0,1,0
11881,Miracle on 34th Street,1947-06-04,630000,2700000,96,7.366,813,11.5304,0,0,0,1,0,1,1,0,0,0,0,0,0,0,0,0,0
11929,Dolores Claiborne,1995-03-24,13000000,46400000,132,7.269,840,39.1376,0,0,0,0,1,1,0,0,0,0,0,1,0,0,0,0,0
12104,Pink Floyd: The Wall,1982-07-14,12000000,22244207,95,7.941,1596,2.358,0,0,0,0,0,1,0,0,0,0,1,0,0,0,0,0,0
12153,White Chicks,2004-06-23,37000000,113100000,109,6.938,4348,14.1634,0,0,0,1,1,0,0,0,0,0,0,0,0,0,0,0,0
12445,Harry Potter and the Deathly Hallows: Part 2,2011-07-12,125000000,1341511219,130,8.083,21530,21.0259,0,1,0,0,0,0,0,1,0,0,0,0,0,0,0,0,0
12477,Grave of the Fireflies,1988-04-16,3700000,842132,89,8.445,6248,0.0098,0,0,1,0,0,1,0,0,0,0,0,0,0,0,0,1,0
12610,Osmosis Jones,2001-08-10,75000000,13596911,95,6.502,1060,17.1771,1,1,1,1,0,0,1,0,0,0,0,0,0,1,0,0,0
13223,Gran Torino,2008-12-12,33000000,270000000,116,7.99,11255,4.7441,0,0,0,0,0,1,0,0,0,0,0,0,0,0,0,0,0
14160,Up,2009-05-28,175000000,735103954,96,7.96,21178,15.3143,0,1,1,1,0,0,1,0,0,0,0,0,0,0,0,0,0
14836,Coraline,2009-02-06,60000000,185860104,100,7.897,8697,16.4137,0,0,1,0,0,0,1,1,0,0,0,0,0,0,0,0,0
15121,The Sound of Music,1965-03-29,8200000,286214286,174,7.725,3504,12.3227,0,0,0,0,0,1,1,0,0,0,1,0,1,0,0,0,0
16869,Inglourious Basterds,2009-08-02,70000000,321457747,153,8.215,23533,14.2176,0,0,0,0,0,1,0,0,0,0,0,0,0,0,1,1,0
17295,The Battle of Algiers,1966-09-08,800000,964028,121,7.883,846,1.5781,0,0,0,0,0,1,0,0,1,0,0,0,0,0,0,1,0
19404,Dilwale Dulhania Le Jayenge,1995-10-20,13200000,100000000,190,8.515,4532,7.2818,0,0,0,1,0,1,0,0,0,0,0,0,1,0,0,0,0
19542,The Red Shoes,1948-09-06,500000,10000000,133,8.0,719,3.6464,0,0,0,0,0,1,0,0,0,0,0,0,1,0,0,0,0
19995,Avatar,2009-12-16,237000000,2923706026,162,7.598,33096,105.833,1,1,0,0,0,0,0,1,0,0,0,0,0,1,0,0,0
20453,3 Idiots,2009-12-23,9000000,70000000,171,8.0,2595,7.4397,0,0,0,1,0,1,0,0,0,0,0,0,0,0,0,0,0
20766,The Road,2009-11-25,32000000,27635305,111,7.013,4123,21.5255,0,1,0,0,0,1,0,0,0,0,0,0,0,0,0,0,0
21334,Children of Heaven,1997-08-01,180000,925402,88,7.915,687,2.1625,0,0,0,0,0,1,1,0,0,0,0,0,0,0,0,0,0
24238,Mary and Max,2009-04-09,8240000,1740429,92,7.881,2159,3.7173,0,0,1,1,0,1,0,0,0,0,0,0,0,0,0,0,0
24428,The Avengers,2012-04-25,220000000,1518815515,143,7.89,34753,53.7834,1,1,0,0,0,0,0,0,0,0,0,0,0,1,0,0,0
25364,Ace in the Hole,1951-06-29,1821052,1300000,111,7.855,716,1.6448,0,0,0,0,0,1,0,0,0,0,0,0,0,0,0,0,0
25376,The Secret in Their Eyes,2009-08-13,2000000,33965843,130,7.972,2746,3.4212,0,0,0,0,0,1,0,0,0,0,0,1,0,0,1,0,0
26022,My Name Is Khan,2010-02-10,12000000,42345360,165,8.029,1395,2.6541,0,0,0,0,0,1,0,0,0,0,0,0,1,0,0,0,0
27205,Inception,2010-07-15,160000000,839030630,148,8.371,38417,29.1606,1,1,0,0,0,0,0,0,0,0,0,0,0,1,0,0,0
28178,Hachi: A Dog's Tale,2009-06-08,16000000,46800000,93,8.01,7011,12.4452,0,0,0,0,0,1,1,0,0,0,0,0,0,0,0,0,0
28971,Limelight,1952-10-16,900000,1000000,137,7.908,572,2.9409,0,0,0,0,0,1,0,0,0,0,1,0,1,0,0,0,0
36557,Casino Royale,2006-11-14,150000000,599045960,144,7.566,11333,14.6394,1,1,0,0,0,0,0,0,0,0,0,0,0,0,1,0,0
37165,The Truman Show,1998-06-04,60000000,264118712,103,8.1,19587,12.8061,0,0,0,1,0,1,0,0,0,0,0,0,0,0,0,0,0
37257,Witness for the Prosecution,1957-12-17,3000000,9000000,116,8.214,1590,3.3641,0,0,0,0,1,1,0,0,0,0,0,1,0,0,0,0,0
38757,Tangled,2010-11-24,260000000,592461732,100,7.61,12069,17.6191,0,1,1,0,0,0,1,0,0,0,0,0,0,0,0,0,0
43949,Flipped,2010-08-06,14000000,4324817,89,8.004,3234,6.221,0,0,0,0,0,1,0,0,0,0,0,0,1,0,0,0,0
46738,Incendies,2010-09-17,6800000,6788659,131,8.107,3103,12.3242,0,0,0,0,0,1,0,0,0,0,0,1,0,0,0,1,0
49013,Cars 2,2011-06-11,200000000,559852396,106,6.2,8266,14.076,0,1,1,1,0,0,1,0,0,0,0,0,0,0,0,0,0
50014,The Help,2011-08-09,25000000,216600000,146,8.205,8793,9.5185,0,0,0,0,0,1,0,0,0,0,0,0,0,0,0,0,0
60243,A Separation,2011-02-15,5000000,24426169,123,7.9,1893,2.9253,0,0,0,0,0,1,0,0,0,0,0,0,0,0,0,0,0
62838,New Year's Eve,2011-12-08,56000000,142044638,118,5.883,2197,15.972,0,0,0,1,0,0,0,0,0,0,0,0,1,0,0,0,0
68718,Django Unchained,2012-12-25,100000000,425368238,165,8.185,27370,26.0253,0,0,0,0,0,1,0,0,0,0,0,0,0,0,0,0,1
68721,Iron Man 3,2013-04-18,200000000,1215577205,130,6.931,23009,14.9993,1,1,0,0,0,0,0,0,0,0,0,0,0,1,0,0,0
75656,Now You See Me,2013-05-29,75000000,351723989,116,7.335,16337,19.1824,0,0,0,0,1,0,0,0,0,0,0,0,0,0,1,0,0
76203,12 Years a Slave,2013-10-18,20000000,187000000,134,7.935,11726,5.4846,0,0,0,0,0,1,0,0,1,0,0,0,0,0,0,0,0
76341,Mad Max: Fury Road,2015-05-13,150000000,378858340,121,7.629,23608,13.784,1,1,0,0,0,0,0,0,0,0,0,0,0,1,0,0,0
76600,Avatar: The Way of Water,2022-12-14,350000000,2353096253,192,7.605,13353,121.1097,1,1,0,0,0,0,0,0,0,0,0,0,0,1,0,0,0
77338,The Intouchables,2011-11-02,13000000,426590315,113,8.271,18024,13.7944,0,0,0,1,0,1,0,0,0,0,0,0,0,0,0,0,0
81188,Rise of the Guardians,2012-11-21,145000000,306941670,97,7.37,6998,24.4267,1,1,1,0,0,0,1,1,0,0,0,0,0,0,0,0,0
81481,Silenced,2011-09-22,2200000,31500000,125,8.15,730,3.2784,0,0,0,0,0,1,0,0,0,0,0,0,0,0,0,0,0
83533,Avatar: Fire and Ash,2025-12-17,350000000,851695254,198,7.4,943,490.3056,0,1,0,0,0,0,0,1,0,0,0,0,0,1,0,0,0
87101,Terminator Genisys,2015-06-23,155000000,440603537,126,5.9,8770,13.9121,1,1,0,0,0,0,0,0,0,0,0,0,0,1,1,0,0
91314,Transformers: Age of Extinction,2014-06-25,210000000,1104054072,165,5.956,8552,21.8115,1,1,0,0,0,0,0,0,0,0,0,0,0,1,0,0,0
94047,My Way,2011-12-21,25500000,16653488,137,7.893,426,2.0781,1,0,0,0,0,1,0,0,1,0,0,0,0,0,0,1,0
99861,Avengers: Age of Ultron,2015-04-22,235000000,1405403694,141,7.3,23957,16.0406,1,1,0,0,0,0,0,0,0,0,0,0,0,1,0,0,0
102382,The Amazing Spider-Man 2,2014-04-16,200000000,708962323,141,6.524,13891,18.2913,1,1,0,0,0,0,0,0,0,0,0,0,0,1,0,0,0
103663,The Hunt,2012-06-13,3800000,18300000,116,8.1,4558,6.5219,0,0,0,0,0,1,0,0,0,0,0,0,0,0,0,0,0
106646,The Wolf of Wall Street,2013-12-25,100000000,407038432,180,8.025,25307,18.9061,0,0,0,1,1,1,0,0,0,0,0,0,0,0,0,0,0
109445,Frozen,2013-11-20,150000000,1274219009,102,7.249,17236,20.0031,0,1,1,0,0,0,1,1,0,0,0,0,0,0,0,0,0
118340,Guardians of the Galaxy,2014-07-30,170000000,772776600,121,7.9,29137,7.6535,1,1,0,0,0,0,0,0,0,0,0,0,0,1,0,0,0
120467,The Grand Budapest Hotel,2014-02-26,30000000,174600318,100,8.033,15607,9.3177,0,0,0,1,0,1,0,0,0,0,0,0,0,0,0,0,0
122906,About Time,2013-09-04,12000000,87100449,123,7.909,8998,11.0645,0,0,0,0,0,1,0,1,0,0,0,0,1,0,0,0,0
122917,The Hobbit: The Battle of the Five Armies,2014-12-10,250000000,956019788,144,7.331,14979,27.0395,1,1,0,0,0,0,0,1,0,0,0,0,0,0,0,0,0
146233,Prisoners,2013-09-19,46000000,122126687,153,8.101,12635,10.4925,0,0,0,0,1,1,0,0,0,0,0,0,0,0,1,0,0
149871,The Tale of The Princess Kaguya,2013-11-23,49300000,24366656,137,8.09,1916,3.6627,0,0,1,0,0,1,0,1,0,0,0,0,0,0,0,0,0
150540,Inside Out,2015-06-17,175000000,857611174,95,7.91,23019,16.7047,0,1,1,1,0,1,1,0,0,0,0,0,0,0,0,0,0
150689,Cinderella,2015-03-06,95000000,543514353,105,6.8,7284,16.0242,0,0,0,0,0,1,1,1,0,0,0,0,1,0,0,0,0
152532,Dallas Buyers Club,2013-11-01,5000000,55736588,117,7.918,8845,4.2801,0,0,0,0,0,1,0,0,1,0,0,0,0,0,0,0,0
152760,The Monuments Men,2014-01-24,70000000,154984035,118,6.064,3733,12.731,1,0,0,0,0,1,0,0,1,0,0,0,0,0,0,1,0
157336,Interstellar,2014-11-05,165000000,746606706,169,8.465,38485,40.6206,0,1,0,0,0,1,0,0,0,0,0,0,0,1,0,0,0
159824,Hotel Transylvania 2,2015-09-21,80000000,473200000,89,6.8,5997,13.2294,0,0,1,1,0,0,1,1,0,0,0,0,0,0,0,0,0
166428,How to Train Your Dragon: The Hidden World,2019-01-03,129000000,539987993,104,7.75,6893,14.0905,0,1,1,0,0,0,1,0,0,0,0,0,0,0,0,0,0
177572,Big Hero 6,2014-10-24,165000000,657870525,102,7.726,16240,14.1644,1,1,1,1,0,0,1,0,0,0,0,0,0,0,0,0,0
180147,We Are the Nobles,2013-03-28,2000000,26433651,108,7.923,525,2.413,0,0,0,1,0,0,0,0,0,0,0,0,0,0,0,0,0
198663,The Maze Runner,2014-09-10,34000000,348319861,113,7.2,17756,19.3315,1,0,0,0,0,0,0,0,0,0,0,1,0,1,1,0,0
205596,The Imitation Game,2014-11-14,14000000,233555708,113,7.989,17710,11.6338,0,0,0,0,0,1,0,0,1,0,0,0,0,0,1,1,0
210577,Gone Girl,2014-10-01,61000000,370890259,149,7.889,19501,13.8625,0,0,0,0,0,1,0,0,0,0,0,1,0,0,1,0,0
216015,Fifty Shades of Grey,2015-02-11,40000000,569651467,125,5.877,12198,14.4531,0,0,0,0,0,1,0,0,0,0,0,0,1,0,1,0,0
228150,Fury,2014-10-15,68000000,211817906,135,7.541,12625,15.7771,1,0,0,0,0,1,0,0,0,0,0,0,0,0,0,1,0
244786,Whiplash,2014-10-10,3300000,50307484,107,8.4,16153,15.4014,0,0,0,0,0,1,0,0,0,0,1,0,0,0,0,0,0
260514,Cars 3,2017-06-15,175000000,383925276,102,6.853,6226,19.6681,0,1,1,1,0,0,1,0,0,0,0,0,0,0,0,0,0
264644,Room,2015-10-16,13000000,35401758,118,7.998,9509,3.8801,0,0,0,0,0,1,0,0,0,0,0,0,0,0,1,0,0
265177,Mommy,2014-09-19,4900000,3494070,138,8.2,2801,4.9117,0,0,0,0,0,1,0,0,0,0,0,0,0,0,0,0,0
265195,Wild Tales,2014-08-21,4000000,31478893,122,7.869,3617,4.9061,0,0,0,1,0,1,0,0,0,0,0,0,0,0,1,0,0
267860,London Has Fallen,2016-03-02,60000000,205754447,99,6.221,4975,15.9179,1,0,0,0,0,0,0,0,0,0,0,0,0,0,1,0,0
269149,Zootopia,2016-02-11,150000000,1025521689,109,7.757,17401,69.5806,0,1,1,1,0,0,1,0,0,0,0,0,0,0,0,0,0
281338,War for the Planet of the Apes,2017-07-11,150000000,490719763,140,7.214,9485,21.8271,0,0,0,0,0,1,0,0,0,0,0,0,0,1,0,1,0
283566,Evangelion: 3.0+1.0 Thrice Upon a Time,2021-03-08,29700000,93882453,155,8.201,896,5.3379,1,0,1,0,0,1,0,0,0,0,0,0,0,1,0,0,0
290098,The Handmaiden,2016-06-01,8575000,38600000,145,8.194,4127,15.3101,0,0,0,0,0,1,0,0,0,0,0,0,1,0,1,0,0
291805,Now You See Me 2,2016-06-02,120000000,334897606,129,6.83,11277,17.8136,0,0,0,0,1,0,0,0,0,0,0,0,0,0,1,0,0
293660,Deadpool,2016-02-09,58000000,782837347,108,7.623,32185,14.6967,1,1,0,1,0,0,0,0,0,0,0,0,0,0,0,0,0
296096,Me Before You,2016-06-01,20000000,207945075,110,7.924,12948,15.8196,0,0,0,0,0,1,0,0,0,0,0,0,1,0,0,0,0
299534,Avengers: Endgame,2019-04-24,356000000,2799439100,181,8.237,27057,25.4347,1,1,0,0,0,0,0,0,0,0,0,0,0,1,0,0,0
299536,Avengers: Infinity War,2018-04-25,300000000,2052415039,149,8.235,31270,29.0361,1,1,0,0,0,0,0,0,0,0,0,0,0,1,0,0,0
313369,La La Land,2016-12-01,30000000,509183536,129,7.898,17703,11.3703,0,0,0,1,0,1,0,0,0,0,0,0,1,0,0,0,0
315162,Puss in Boots: The Last Wish,2022-12-07,90000000,484700000,103,8.207,8546,16.0348,0,1,1,1,0,0,1,1,0,0,0,0,0,0,0,0,0
315635,Spider-Man: Homecoming,2017-07-05,175000000,880166924,133,7.33,22706,16.3882,1,1,0,0,0,0,0,0,0,0,0,0,0,1,0,0,0
316029,The Greatest Showman,2017-12-20,84000000,459066134,105,7.868,9839,9.4162,0,0,0,0,0,1,0,0,0,0,0,0,0,0,0,0,0
324786,Hacksaw Ridge,2016-10-07,40000000,175302354,139,8.192,14489,12.2062,0,0,0,0,0,1,0,0,1,0,0,0,0,0,0,1,0
324857,Spider-Man: Into the Spider-Verse,2018-12-06,90000000,393602435,117,8.395,16703,16.09,1,1,1,0,0,0,0,0,0,0,0,0,0,1,0,0,0
330457,Frozen II,2019-11-20,150000000,1453683476,103,7.24,10102,15.6636,0,1,1,1,0,0,1,1,0,0,0,0,0,0,0,0,0
331482,Little Women,2019-12-25,40000000,332103783,135,7.859,6642,9.9924,0,0,0,0,0,1,0,0,1,0,0,0,1,0,0,0,0
334533,Captain Fantastic,2016-07-08,5000000,23123592,118,7.891,6674,4.7892,0,1,0,0,0,1,0,0,0,0,0,0,0,0,0,0,0
334543,Lion,2016-11-24,12000000,140312928,118,8.042,6819,3.6926,0,0,0,0,0,1,0,0,0,0,0,0,0,0,0,0,0
337404,Cruella,2021-05-26,200000000,233503234,134,7.981,9829,11.1579,0,1,0,1,1,0,0,0,0,0,0,0,0,0,0,0,0
339877,Loving Vincent,2017-06-22,5500000,42187665,95,7.99,2549,4.7898,0,0,1,0,0,1,0,0,1,0,0,1,0,0,0,0,0
346364,It,2017-09-06,35000000,719766009,135,7.239,19942,40.9164,0,0,0,0,0,0,0,0,0,1,0,0,0,0,1,0,0
354912,Coco,2017-10-27,175000000,814641172,105,8.2,20514,15.56,0,1,1,0,0,0,1,0,0,0,1,0,0,0,0,0,0
359724,Ford v Ferrari,2019-11-13,97600000,225508210,153,8.006,8653,9.3286,1,0,0,0,0,1,0,0,1,0,0,0,0,0,0,0,0
359940,"Three Billboards Outside Ebbing, Missouri",2017-12-01,15000000,162729321,115,8.062,10612,4.5039,0,0,0,0,1,1,0,0,0,0,0,0,0,0,0,0,0
360814,Dangal,2016-12-21,10400000,311000000,161,7.887,1091,4.6673,0,0,0,1,0,1,1,0,0,0,0,0,0,0,0,0,0
361743,Top Gun: Maverick,2022-05-21,170000000,1488732821,131,8.16,10436,19.8323,1,0,0,0,0,1,0,0,0,0,0,0,0,0,0,0,0
369557,Sing Street,2016-03-11,4000000,13624522,105,7.859,2396,1.716,0,0,0,1,0,1,0,0,0,0,1,0,1,0,0,0,0
381284,Hidden Figures,2016-12-10,25000000,235957472,127,8.05,10200,7.0207,0,0,0,0,0,1,0,0,1,0,0,0,0,0,0,0,0
385687,Fast X,2023-05-17,340000000,704709660,142,7.009,6136,26.5801,1,0,0,0,1,0,0,0,0,0,0,0,0,0,1,0,0
396535,Train to Busan,2016-07-20,8500000,87547518,118,7.747,8089,14.9956,1,1,0,0,0,0,0,0,0,1,0,0,0,0,1,0,0
397567,Along with the Gods: The Two Worlds,2017-12-20,18300000,125983972,139,8.032,1139,4.66,1,1,0,0,0,1,0,1,0,0,0,0,0,0,1,0,0
398818,Call Me by Your Name,2017-07-28,3500000,43143046,132,8.1,12528,15.4059,0,0,0,0,0,1,0,0,0,0,0,0,1,0,0,0,0
400928,Gifted,2017-04-07,7000000,40300000,101,8.0,5818,6.4473,0,0,0,1,0,1,0,0,0,0,0,0,0,0,0,0,0
402431,Wicked,2024-10-16,150000000,758737211,162,6.9,2737,30.7336,0,0,0,0,0,1,0,1,0,0,0,0,1,0,0,0,0
404378,A Street Cat Named Bob,2016-11-04,8000000,17900000,103,7.895,1519,2.908,0,0,0,0,0,1,1,0,0,0,0,0,0,0,0,0,0
406997,Wonder,2017-11-13,20000000,315025930,113,8.111,8122,6.4163,0,0,0,0,0,1,1,0,0,0,0,0,0,0,0,0,0
411088,The Invisible Guest,2017-01-06,4000000,30000000,107,8.084,4825,6.6168,0,0,0,0,0,1,0,0,0,0,0,1,0,0,1,0,0
414906,The Batman,2022-03-01,185000000,772319315,177,7.66,11455,15.5755,0,0,0,0,1,0,0,0,0,0,0,1,0,0,1,0,0
424694,Bohemian Rhapsody,2018-10-24,52000000,910813521,135,7.963,17452,9.1196,0,0,0,0,0,1,0,0,0,0,1,0,0,0,0,0,0
425274,Now You See Me: Now You Don't,2025-11-12,90000000,214474974,112,6.567,721,202.0756,0,0,0,0,1,0,0,0,0,0,0,1,0,0,1,0,0
429617,Spider-Man: Far From Home,2019-06-28,160000000,1131927996,129,7.399,16544,16.8319,1,1,0,0,0,0,0,0,0,0,0,0,0,1,0,0,0
436969,The Suicide Squad,2021-07-28,185000000,168717425,132,7.476,9285,13.4128,1,1,0,1,0,0,0,0,0,0,0,0,0,0,0,0,0
437068,A Taxi Driver,2017-08-02,12820005,81927980,138,8.039,1098,4.5666,1,0,0,0,0,1,0,0,1,0,0,0,0,0,0,0,0
438631,Dune,2021-09-15,165000000,410668500,155,7.776,14247,21.9629,0,1,0,0,0,0,0,0,0,0,0,0,0,1,0,0,0
441130,Wolfwalkers,2020-10-26,12000000,1310720,102,8.197,1320,5.8209,0,1,1,0,0,0,1,1,0,0,0,0,0,0,0,0,0
447273,Snow White,2025-03-19,270000000,205679463,109,4.299,1480,15.4221,0,0,0,0,0,0,1,1,0,0,0,0,0,0,0,0,0
447365,Guardians of the Galaxy Vol. 3,2023-05-03,250000000,845550000,150,7.932,7862,14.7507,1,1,0,0,0,0,0,0,0,0,0,0,0,1,0,0,0
449176,"Love, Simon",2018-02-16,17000000,66316289,110,7.983,6178,2.4151,0,0,0,1,0,1,0,0,0,0,0,0,1,0,0,0,0
455714,Bad Genius,2017-05-03,1839169,42350000,130,7.866,826,2.4291,0,0,0,1,1,1,0,0,0,0,0,0,0,0,1,0,0
470044,The Hate U Give,2018-10-19,23000000,34934009,133,8.087,2193,2.1998,0,0,0,0,1,1,0,0,0,0,0,0,0,0,0,0,0
472454,Ayla: The Daughter of War,2017-10-27,4200000,21107423,124,8.014,381,6.0686,0,0,0,0,0,1,0,0,1,0,0,0,0,0,0,1,0
475557,Joker,2019-10-01,55000000,1078958629,122,8.129,27105,14.8389,0,0,0,0,1,1,0,0,0,0,0,0,0,0,1,0,0
490132,Green Book,2018-11-16,23000000,321752656,130,8.224,12459,12.2208,0,0,0,1,0,1,0,0,1,0,0,0,0,0,0,0,0
496243,Parasite,2019-05-30,11363000,257591776,133,8.495,19866,22.9303,0,0,0,1,0,1,0,0,0,0,0,0,0,0,1,0,0
497698,Black Widow,2021-07-07,200000000,379751131,134,7.2,10922,20.4488,1,1,0,0,0,0,0,0,0,0,0,0,0,1,0,0,0
502356,The Super Mario Bros. Movie,2023-04-05,100000000,1362000000,93,7.6,10148,19.5849,0,1,1,1,0,0,1,1,0,0,0,0,0,0,0,0,0
503314,Dragon Ball Super: Broly,2018-12-14,1000000,125002821,101,7.9,3057,1.4863,1,0,1,0,0,0,0,0,0,0,0,0,0,1,0,0,0
505262,My Hero Academia: Two Heroes,2018-08-03,12000000,27507549,96,7.887,1076,3.9,1,1,1,0,0,0,0,1,0,0,0,0,0,0,0,0,0
507089,Five Nights at Freddy's,2023-10-25,20000000,297242145,110,7.366,4779,36.6612,0,0,0,0,0,0,0,0,0,1,0,0,0,0,1,0,0
507244,Afterburn,2025-08-20,60000000,184758,105,6.682,151,16.4721,1,0,0,1,0,0,0,0,0,0,0,0,0,1,0,0,0
508442,Soul,2020-12-25,150000000,121977511,101,8.101,11087,11.3717,0,0,1,1,0,1,1,1,0,0,0,0,0,0,0,0,0
515001,Jojo Rabbit,2019-10-18,14000000,82468705,108,7.995,10103,5.9121,0,0,0,1,0,1,0,0,0,0,0,0,0,0,0,1,0
517814,Capernaum,2018-09-20,4000000,64978931,126,8.144,1890,3.2273,0,0,0,0,0,1,0,0,0,0,0,0,0,0,0,0,0
518068,Along with the Gods: The Last 49 Days,2018-08-01,18300000,112790210,141,8.041,719,5.053,1,1,0,0,0,0,0,1,0,0,0,0,0,0,1,0,0
519182,Despicable Me 4,2024-06-20,100000000,969597394,94,7.003,3011,23.0712,0,0,1,1,0,0,1,0,0,0,0,0,0,1,0,0,0
522212,Just Mercy,2019-12-25,25000000,50401502,137,7.858,2419,2.1415,0,0,0,0,1,1,0,0,1,0,0,0,0,0,0,0,0
522518,A Dog's Journey,2019-05-03,16000000,78871079,109,8.053,1587,3.5722,0,1,0,0,0,1,1,0,0,0,0,0,0,0,0,0,0
522924,The Art of Racing in the Rain,2019-08-08,18000000,33800000,109,8.185,1612,4.2282,0,0,0,0,0,1,0,0,0,0,0,0,1,0,0,0,0
524434,Eternals,2021-11-03,200000000,402064899,156,6.788,8876,12.402,1,1,0,0,0,0,0,0,0,0,0,0,0,1,0,0,0
527641,Five Feet Apart,2019-03-14,7000000,92600000,116,8.221,5835,5.5926,0,0,0,0,0,1,0,0,0,0,0,0,1,0,0,0,0
530915,1917,2019-12-25,100000000,446064352,119,7.984,13166,7.9389,1,0,0,0,0,1,0,0,1,0,0,0,0,0,0,1,0
531428,Portrait of a Lady on Fire,2019-09-18,5740000,9923127,121,8.107,2826,5.2174,0,0,0,0,0,1,0,0,1,0,0,0,1,0,0,0,0
533533,TRON: Ares,2025-10-08,220000000,142073994,119,6.6,853,107.6436,1,1,0,0,0,0,0,0,0,0,0,0,0,1,0,0,0
533535,Deadpool & Wolverine,2024-07-24,200000000,1338073645,128,7.566,8082,27.1729,1,0,0,1,0,0,0,0,0,0,0,0,0,1,0,0,0
539972,Kraven the Hunter,2024-12-11,130000000,62076533,127,6.454,2150,17.8333,1,1,0,0,0,0,0,0,0,0,0,0,0,0,1,0,0
541671,Ballerina,2025-06-04,90000000,137258395,125,7.308,2126,31.9727,1,0,0,0,1,0,0,0,0,0,0,0,0,0,1,0,0
546554,Knives Out,2019-11-27,40000000,312897920,131,7.844,13442,24.5998,0,0,0,1,1,0,0,0,0,0,0,1,0,0,0,0,0
552524,Lilo & Stitch,2025-05-17,100000000,1038027526,108,7.244,1921,30.1411,0,0,0,1,0,0,1,0,0,0,0,0,0,1,0,0,0
554596,"No manches, Frida 2: paraíso destruido",2019-03-15,5000000,26500000,102,7.891,930,2.6634,0,0,0,1,0,0,0,0,0,0,0,0,0,0,0,0,0
566525,Shang-Chi and the Legend of the Ten Rings,2021-09-01,150000000,432243292,132,7.504,10088,15.0901,1,1,0,0,0,0,0,1,0,0,0,0,0,0,0,0,0
568124,Encanto,2021-10-13,150000000,261292688,102,7.577,9972,15.06,0,0,1,1,0,0,1,1,0,0,0,0,0,0,0,0,0
569094,Spider-Man: Across the Spider-Verse,2023-05-31,100000000,690897910,140,8.338,8124,27.7504,1,1,1,0,0,0,0,0,0,0,0,0,0,1,0,0,0
571468,Freaks Out,2021-10-28,12000000,3279079,141,7.3,937,39.1026,0,1,0,0,0,1,0,1,0,0,0,0,0,0,0,0,0
573164,An Egg Rescue,2021-08-12,6400000,4093345,89,7.9,415,1.3772,0,1,1,1,0,0,1,0,0,0,0,0,0,0,0,0,0
573435,Bad Boys: Ride or Die,2024-06-05,100000000,404547819,115,7.344,3154,15.1387,1,1,0,1,1,0,0,0,0,0,0,0,0,0,1,0,0
574475,Final Destination Bloodlines,2025-05-14,50000000,315630814,110,7.101,2492,28.0884,0,0,0,0,0,0,0,0,0,1,0,1,0,0,0,0,0
575264,Mission: Impossible - Dead Reckoning Part One,2023-07-08,291000000,571125435,164,7.516,4798,14.7509,1,1,0,0,0,0,0,0,0,0,0,0,0,0,1,0,0
575265,Mission: Impossible - The Final Reckoning,2025-05-17,400000000,598767057,170,7.235,2296,62.0396,1,1,0,0,0,0,0,0,0,0,0,0,0,0,1,0,0
600354,The Father,2020-12-23,6000000,21029340,97,8.099,3490,4.517,0,0,0,0,0,1,0,0,0,0,0,0,0,0,0,0,0
604079,The Long Walk,2025-09-10,20000000,62871590,108,6.9,972,25.4542,0,0,0,0,0,0,0,0,0,1,0,0,0,1,1,0,0
609681,The Marvels,2023-11-08,274800000,206136825,105,5.957,3192,18.15,1,1,0,0,0,0,0,0,0,0,0,0,0,1,0,0,0
615453,Ne Zha,2019-07-26,22000000,742718496,110,7.882,761,20.0976,0,1,1,0,0,0,0,1,0,0,0,0,0,0,0,0,0
615457,Nobody,2021-03-18,16000000,57512470,91,7.898,7950,11.4734,1,0,0,0,0,0,0,0,0,0,0,0,0,0,1,0,0
617126,The Fantastic 4: First Steps,2025-07-23,200000000,521858728,115,7.005,2729,56.2631,1,1,0,0,0,0,0,0,0,0,0,0,0,1,0,0,0
620683,My Mom Is a Character 3,2019-12-26,2000000,39273021,111,8.182,491,0.6013,0,0,0,1,0,0,0,0,0,0,0,0,0,0,0,0,0
634649,Spider-Man: No Way Home,2021-12-15,200000000,1921847111,148,7.936,21391,23.7405,1,1,0,0,0,0,0,0,0,0,0,0,0,1,0,0,0
635302,Demon Slayer -Kimetsu no Yaiba- The Movie: Mugen Train,2020-10-16,15700000,523542183,117,8.208,4350,11.6276,1,0,1,0,0,0,0,1,0,0,0,0,0,0,0,0,0
637649,Wrath of Man,2021-04-22,40000000,103966489,119,7.588,5857,16.6198,0,0,0,0,1,1,0,0,0,0,0,0,0,0,1,0,0
639988,No Other Choice,2025-09-24,12200000,20072255,139,7.56,133,39.64,0,0,0,1,1,1,0,0,0,0,0,0,0,0,1,0,0
640344,Me Against You: Mr. S's Vendetta,2020-01-17,75000,9500000,64,8.0,469,0.2975,0,0,0,0,0,0,1,1,0,0,0,0,0,0,0,0,0
661374,Glass Onion: A Knives Out Mystery,2022-11-23,40000000,15000000,140,7.034,6369,19.6448,0,0,0,1,1,0,0,0,0,0,0,1,0,0,0,0,0
678512,Sound of Freedom,2023-07-03,14500000,250600000,131,7.971,2651,4.1699,1,0,0,0,0,1,0,0,0,0,0,0,0,0,0,0,0
693134,Dune: Part Two,2024-02-27,190000000,714844358,167,8.133,7330,19.8601,0,1,0,0,0,0,0,0,0,0,0,0,0,1,0,0,0
696506,Mickey 17,2025-02-28,118000000,133347147,137,6.8,3068,19.889,0,1,0,1,0,0,0,0,0,0,0,0,0,1,0,0,0
698687,Transformers One,2024-09-11,75000000,129408392,104,8.024,1469,10.3248,0,1,1,0,0,0,1,0,0,0,0,0,0,1,0,0,0
701387,Bugonia,2025-10-23,50000000,40293453,119,7.41,992,60.2583,0,0,0,0,1,0,0,0,0,0,0,0,0,1,0,0,0
748783,The Garfield Movie,2024-04-30,60000000,254907482,101,7.024,1374,16.8379,0,1,1,1,0,0,1,0,0,0,0,0,0,0,0,0,0
756397,Hitpig!,2024-11-01,45000000,2345398,85,6.6,28,76.1031,0,1,1,1,0,0,1,0,0,0,0,0,0,0,0,0,0
756999,The Black Phone,2022-06-16,16000000,161441914,103,7.542,5574,17.7879,0,0,0,0,0,0,0,0,0,1,0,0,0,0,1,0,0
760329,The Smashing Machine,2025-10-01,50000000,21000000,123,6.561,327,15.2709,0,0,0,0,0,1,0,0,1,0,0,0,0,0,0,0,0
762509,Mufasa: The Lion King,2024-12-18,200000000,722631756,118,7.338,2478,17.386,0,1,1,0,0,0,1,0,0,0,0,0,0,0,0,0,0
774531,Young Woman and the Sea,2024-05-31,40000000,581725,129,7.9,394,2.8696,0,0,0,0,0,1,0,0,1,0,0,0,0,0,0,0,0
776503,CODA,2021-08-13,10000000,1905058,112,7.902,2452,6.959,0,0,0,0,0,1,0,0,0,0,1,0,1,0,0,0,0
786892,Furiosa: A Mad Max Saga,2024-05-22,168000000,174287546,149,7.457,4574,16.6279,1,1,0,0,0,0,0,0,0,0,0,0,0,1,0,0,0
798645,The Running Man,2025-11-11,110000000,68615641,133,6.8,832,99.9233,1,0,0,0,0,0,0,0,0,0,0,0,0,1,1,0,0
803796,KPop Demon Hunters,2025-06-20,100000000,24619953,96,8.2,2120,67.0719,0,0,1,1,0,0,0,1,0,0,1,0,0,0,0,0,0
812583,Wake Up Dead Man: A Knives Out Mystery,2025-11-26,210000000,4000000,145,7.216,1391,110.3334,0,0,0,1,0,0,0,0,0,0,0,1,0,0,1,0,0
823219,Flow,2024-08-29,3700000,17660107,85,8.1,2518,14.0086,0,1,1,0,0,0,1,1,0,0,0,0,0,0,0,0,0
823464,Godzilla x Kong: The New Empire,2024-03-27,150000000,571750016,115,7.069,4444,16.311,1,1,0,0,0,0,0,0,0,0,0,0,0,1,0,0,0
838240,Robot Dreams,2023-12-06,5300000,4656348,102,7.993,739,6.1831,0,0,1,1,0,1,0,0,0,0,0,0,0,1,0,0,0
840326,Sisu,2022-09-09,6600000,14281199,91,7.419,2608,24.6307,1,0,0,0,0,0,0,0,0,0,0,0,0,0,0,1,0
872585,Oppenheimer,2023-07-19,100000000,952000000,181,8.04,11117,21.3728,0,0,0,0,0,1,0,0,1,0,0,0,0,0,0,0,0
906126,Society of the Snow,2023-12-15,65500000,1281,143,7.98,3345,4.7398,0,0,0,0,0,1,0,0,1,0,0,0,0,0,0,0,0
911430,F1,2025-06-25,250000000,631527111,156,7.794,2931,47.8417,1,0,0,0,0,1,0,0,0,0,0,0,0,0,0,0,0
912649,Venom: The Last Dance,2024-10-22,120000000,478937618,109,6.674,3927,19.1504,1,1,0,0,0,0,0,0,0,0,0,0,0,1,0,0,0
933260,The Substance,2024-09-07,17500000,76506196,141,7.143,5480,18.3403,0,0,0,0,0,0,0,0,0,1,0,0,0,1,1,0,0
940551,Migration,2023-12-06,72000000,298776052,83,7.4,2151,14.4932,0,1,1,1,0,0,1,0,0,0,0,0,0,0,0,0,0
945961,Alien: Romulus,2024-08-13,80000000,350865342,119,7.176,4164,15.2451,0,0,0,0,0,0,0,0,0,1,0,0,0,1,0,0,0
967941,Wicked: For Good,2025-11-19,150000000,505922446,137,6.7,547,115.7315,0,1,0,0,0,0,0,1,0,0,0,0,1,0,0,0,0
974635,Hit Man,2024-05-16,8800000,5101673,116,6.796,1482,13.624,0,0,0,1,1,0,0,0,0,0,0,0,1,0,0,0,0
980477,Ne Zha 2,2025-01-29,80000000,2215690000,144,8.101,531,58.3399,1,1,1,0,0,0,0,1,0,0,0,0,0,0,0,0,0
991494,The SpongeBob Movie: Search for SquarePants,2025-12-16,64000000,63906743,88,6.7,31,63.6161,0,1,1,1,0,0,1,0,0,0,0,0,0,0,0,0,0
1000837,I'm Still Here,2024-09-19,1480000,36109482,138,7.9,917,7.4276,0,0,0,0,0,1,0,0,1,0,0,0,0,0,0,0,0
1007734,Nobody 2,2025-08-13,25000000,41618135,89,7.025,1121,28.5266,1,0,0,0,0,0,0,0,0,0,0,0,0,0,1,0,0
1009640,Valiant One,2025-01-30,10000000,1236630,86,6.753,95,17.7282,1,0,0,0,0,0,0,0,0,0,0,0,0,0,1,1,0
1010756,The Strangers: Chapter 2,2025-09-25,8000000,21921749,98,5.989,179,25.8812,0,0,0,0,0,0,0,0,0,1,0,0,0,0,1,0,0
1011477,Karate Kid: Legends,2025-05-08,45000000,105456077,94,7.082,1040,18.8435,1,1,0,0,0,1,0,0,0,0,0,0,0,0,0,0,0
1011985,Kung Fu Panda 4,2024-03-02,80000000,548040835,94,7.021,3318,15.6152,1,1,1,1,0,0,1,1,0,0,0,0,0,0,0,0,0
1026227,There's Still Tomorrow,2023-10-26,9000000,50121593,118,8.088,1469,1.9502,0,0,0,1,0,1,0,0,1,0,0,0,0,0,0,0,0
1033148,Die My Love,2025-10-06,20000000,7421995,119,6.3,255,37.5042,0,0,0,0,0,1,0,0,0,0,0,0,0,0,0,0,0
1034541,Terrifier 3,2024-10-09,2000000,90322103,125,6.8,1845,13.818,0,0,0,0,0,0,0,0,0,1,0,0,0,0,1,0,0
1035259,The Naked Gun,2025-07-30,42000000,102147396,85,6.443,1250,32.649,1,0,0,1,1,0,0,0,0,0,0,0,0,0,0,0,0
1038392,The Conjuring: Last Rites,2025-09-03,55000000,494653512,136,6.9,1514,35.2415,0,0,0,0,0,0,0,0,0,1,0,0,0,0,0,0,0
1042834,Eden,2025-04-03,50000000,1907486,129,6.726,477,28.7681,0,0,0,0,0,1,0,0,0,0,0,0,0,0,1,0,0
1054867,One Battle After Another,2025-09-23,175000000,202818413,162,7.47,2142,92.0084,1,0,0,0,1,0,0,0,0,0,0,0,0,0,1,0,0
1058694,Radical,2023-10-19,10000000,21761164,126,8.35,484,2.6006,0,0,0,0,0,1,0,0,0,0,0,0,0,0,0,0,0
1061474,Superman,2025-07-09,225000000,616684465,130,7.4,4064,55.1039,1,1,0,0,0,0,0,0,0,0,0,0,0,1,0,0,0
1062722,Frankenstein,2025-10-17,120000000,480678,150,7.7,2446,76.0495,0,0,0,0,0,1,0,1,0,1,0,0,0,0,0,0,0
1071585,M3GAN 2.0,2025-06-25,15000000,39085942,120,7.352,1051,19.7149,1,0,0,0,0,0,0,0,0,0,0,0,0,1,1,0,0
1078605,Weapons,2025-08-04,38000000,265894217,129,7.307,2604,33.9267,0,0,0,0,0,0,0,0,0,1,0,1,0,0,0,0,0
1083637,Kantara - A Legend: Chapter 1,2025-10-01,14000000,91000000,165,7.019,54,61.6845,1,0,0,0,0,1,0,1,0,0,0,0,0,0,0,0,0
1084199,Companion,2025-01-22,10000000,36809101,97,7.0,1956,21.8911,0,0,0,0,0,0,0,0,0,1,0,0,0,1,1,0,0
1084242,Zootopia 2,2025-11-26,150000000,1464212160,107,7.65,871,371.4541,0,1,1,1,0,0,1,0,0,0,0,1,0,0,0,0,0
1084736,The Count of Monte Cristo,2024-06-28,46000000,75360860,178,7.941,1868,10.9592,1,1,0,0,0,1,0,0,0,0,0,0,0,0,0,0,0
1086747,The Watchers,2024-06-06,30000000,51147812,102,6.366,1466,15.781,0,0,0,0,0,0,0,1,0,1,0,1,0,0,0,0,0
1087192,How to Train Your Dragon,2025-06-06,150000000,636251264,125,8.0,2346,46.0401,1,1,0,0,0,0,1,1,0,0,0,0,0,0,0,0,0
1097549,Babygirl,2024-12-25,20000000,60934894,115,5.714,1046,14.0882,0,0,0,0,0,1,0,0,0,0,0,0,1,0,0,0,0
1100988,28 Years Later,2025-06-18,60000000,151308832,115,6.6,1875,26.7146,0,0,0,0,0,0,0,0,0,1,0,0,0,1,1,0,0
1103621,How to Make Millions Before Grandma Dies,2024-04-04,1000000,73800000,126,8.134,333,5.3413,0,0,0,0,0,1,0,0,0,0,0,0,0,0,0,0,0
1114967,Good Fortune,2025-10-14,30000000,26114174,97,7.1,362,13.2158,0,0,0,1,0,0,0,1,0,0,0,0,0,0,0,0,0
1124566,Sentimental Value,2025-08-20,7800000,6757440,133,7.589,230,24.678,0,0,0,0,0,1,0,0,0,0,0,0,0,0,0,0,0
1125257,Freakier Friday,2025-08-06,42000000,152889065,110,6.844,541,17.6319,0,0,0,1,0,0,1,1,0,0,0,0,0,0,0,0,0
1128650,The Prosecutor,2024-12-08,38500000,128093757,117,6.821,165,21.7833,1,0,0,0,1,1,0,0,0,0,0,0,0,0,1,0,0
1136867,Materialists,2025-06-12,20000000,105618726,116,6.5,948,13.4648,0,0,0,0,0,1,0,0,0,0,0,0,1,0,0,0,0
1151031,Bring Her Back,2025-05-28,15000000,39123752,104,7.398,1279,22.325,0,0,0,0,0,0,0,0,0,1,0,0,0,0,0,0,0
1160164,TAYLOR SWIFT | THE ERAS TOUR,2023-10-13,15000000,261656269,169,8.214,499,3.3509,0,0,0,0,0,0,0,0,0,0,1,0,0,0,0,0,0
1166133,Bramayugam,2024-02-15,3300000,10000000,139,7.5,70,18.6868,0,0,0,0,0,1,0,0,0,1,0,0,0,0,1,0,0
1167307,David,2025-12-14,60900000,49750130,109,7.4,8,25.9518,0,0,1,0,0,1,1,0,0,0,0,0,0,0,0,0,0
1175942,The Bad Guys 2,2025-07-24,80000000,239409929,104,7.72,588,26.7464,0,1,1,1,1,0,1,0,0,0,0,0,0,0,0,0,0
1184918,The Wild Robot,2024-09-12,78000000,331982078,102,8.3,5591,20.2922,0,1,1,0,0,1,1,0,0,0,0,0,0,1,0,0,0
1186350,Marco,2024-12-20,3467000,11559000,145,6.6,92,17.1795,1,0,0,0,1,0,0,0,0,0,0,0,0,0,1,0,0
1186532,The Forge,2024-08-22,5000000,40392664,123,8.268,311,4.5323,0,0,0,0,0,1,1,0,0,0,0,0,0,0,0,0,0
1192174,The Negotiator,2025-03-06,7324508,1061893,109,7.179,78,18.737,0,0,0,0,0,1,0,0,0,0,0,0,0,0,1,0,0
1197137,Black Phone 2,2025-10-15,30000000,132202742,114,6.8,768,40.6186,0,0,0,0,0,0,0,0,0,1,0,0,0,0,1,0,0
1197306,A Working Man,2025-03-26,40000000,99068160,116,6.704,1697,32.2422,1,0,0,0,1,0,0,0,0,0,0,0,0,0,1,0,0
1214931,Nuremberg,2025-11-06,11800000,20757602,148,7.261,251,70.1847,0,0,0,0,0,1,0,0,1,0,0,0,0,0,0,0,0
1218925,Chainsaw Man - The Movie: Reze Arc,2025-09-19,4100000,158289386,100,8.286,533,77.2644,1,0,1,0,0,0,0,1,0,0,0,0,1,0,0,0,0
1223601,Sisu: Road to Revenge,2025-10-21,12200000,9169696,89,7.493,367,137.8916,1,0,0,0,0,0,0,0,0,0,0,0,0,0,0,1,0
1228246,Five Nights at Freddy's 2,2025-12-03,36000000,220645215,104,6.9,454,274.2896,0,0,0,0,0,0,0,0,0,1,0,0,0,0,1,0,0
1230368,Springsteen: Deliver Me from Nowhere,2025-10-22,55000000,45053172,120,7.0,150,24.6922,0,0,0,0,0,1,0,0,0,0,1,0,0,0,0,0,0
1233413,Sinners,2025-04-16,100000000,365878513,138,7.5,3112,53.1377,1,0,0,0,0,0,0,0,0,1,0,0,0,0,1,0,0
1234731,Anaconda,2025-12-24,45000000,43650000,100,6.7,79,105.5498,0,1,0,1,0,0,0,0,0,1,0,0,0,0,0,0,0
1234821,Jurassic World Rebirth,2025-07-01,180000000,869115756,134,6.4,2684,50.6369,1,1,0,0,0,0,0,0,0,0,0,0,0,1,0,0,0
1241436,Warfare,2025-04-09,20000000,33649631,95,7.093,1198,14.8627,1,0,0,0,0,0,0,0,0,0,0,0,0,0,0,1,0
1241982,Moana 2,2024-11-21,150000000,1059242164,100,7.0,2851,27.5083,0,1,1,1,0,0,1,1,0,0,0,0,0,0,0,0,0
1242011,Together,2025-07-28,17000000,32273161,102,7.095,783,19.4677,0,0,0,0,0,0,0,0,0,1,0,0,1,0,0,0,0
1242419,Roofman,2025-10-08,18000000,34121603,126,7.2,369,27.1912,0,0,0,1,1,1,0,0,0,0,0,0,0,0,0,0,0
1242898,Predator: Badlands,2025-11-05,105000000,184278121,107,7.324,717,116.9332,1,1,0,0,0,0,0,0,0,0,0,0,0,1,0,0,0
1246049,Dracula,2025-07-30,52000000,25788866,130,7.124,679,58.1883,0,0,0,0,0,0,0,1,0,1,0,0,1,0,0,0,0
1259102,Eternity,2025-11-26,12000000,32066992,114,7.1,205,78.1747,0,0,0,1,0,1,0,0,0,0,0,0,1,0,0,0,0
1267905,The Roses,2025-08-27,30000000,51981278,105,6.7,473,13.1259,0,0,0,1,0,1,0,0,0,0,0,0,0,0,0,0,0
1280450,Stolen Girl,2025-09-04,26000000,92691,110,6.4,105,19.3063,1,1,0,0,0,0,0,0,0,0,0,0,0,0,1,0,0
1284120,The Ugly Stepsister,2025-03-07,4250000,5325096,109,7.313,772,21.5553,0,0,0,1,0,1,0,1,0,1,0,0,0,0,0,0,0
1291608,Dhurandhar,2025-12-05,16500000,110000000,212,6.315,124,57.4571,1,0,0,0,0,0,0,0,0,0,0,0,0,0,1,0,0
1309012,Altered,2025-09-18,15000000,346774,85,6.221,68,41.5922,1,0,0,0,0,0,0,0,0,0,0,0,0,1,0,0,0
1311031,Demon Slayer: Kimetsu no Yaiba Infinity Castle,2025-07-18,20000000,718473620,156,7.6,628,199.4585,1,0,1,0,0,0,0,1,0,0,0,0,0,0,0,0,0
1317288,Marty Supreme,2025-12-19,65000000,38606005,150,7.875,44,83.562,0,0,0,0,0,1,0,0,0,0,0,0,0,0,0,0,0
1327862,Regretting You,2025-10-22,30000000,90452948,116,7.0,218,32.0564,0,0,0,0,0,1,0,0,0,0,0,0,1,0,0,0,0
1342341,Captain Sabertooth and the Countess of Grel,2025-02-07,3700000,2225596,77,7.0,6,12.4382,0,1,1,0,0,0,1,0,0,0,0,0,0,0,0,0,0
1368166,The Housemaid,2025-12-18,35000000,70288087,131,7.572,118,99.8199,0,0,0,0,0,0,0,0,0,0,0,1,0,0,1,0,0
1443940,Truth & Treason,2025-10-16,15000000,6045655,121,7.25,10,13.046,0,0,0,0,0,1,0,0,1,0,0,0,0,0,1,0,0
1456349,It Was Just an Accident,2025-09-27,6000000,9044840,103,7.159,230,24.0885,0,0,0,0,1,1,0,0,0,0,0,0,0,0,1,0,0
1511417,Bāhubali: The Epic,2025-10-29,65000000,3500000,224,7.2,13,428.4796,1,0,0,0,0,1,0,0,0,0,0,0,0,0,0,0,0
