movie_id,title,release_date,budget,revenue,runtime,vote_average,vote_count,popularity,genres
11,Star Wars,1977-05-25,11000000,775398007,121,8.202,21768,31.7335,"['Adventure', 'Action', 'Science Fiction']"
12,Finding Nemo,2003-05-30,94000000,940335536,100,7.816,20125,16.037,"['Animation', 'Family']"
13,Forrest Gump,1994-06-23,55000000,677387716,142,8.462,29024,22.0699,"['Comedy', 'Drama', 'Romance']"
14,American Beauty,1999-09-15,15000000,356296601,122,8.004,12699,8.5252,['Drama']
15,Citizen Kane,1941-09-05,839727,23218000,119,7.993,5856,5.2302,"['Mystery', 'Drama']"
16,Dancer in the Dark,2000-09-01,12500000,40061153,140,7.9,1923,2.6151,"['Drama', 'Crime']"
18,The Fifth Element,1997-05-02,90000000,263920180,126,7.562,11339,16.8107,"['Science Fiction', 'Action', 'Adventure']"
19,Metropolis,1927-01-10,5300000,1350322,148,8.102,2989,4.1488,"['Drama', 'Science Fiction']"
22,Pirates of the Caribbean: The Curse of the Black Pearl,2003-07-09,140000000,655011224,143,7.817,21699,20.129,"['Adventure', 'Fantasy', 'Action']"
24,Kill Bill: Vol. 1,2003-10-10,30000000,180906076,111,7.969,18408,11.8787,"['Action', 'Crime']"
28,Apocalypse Now,1979-05-19,31500000,150000000,147,8.268,8783,9.1233,"['Drama', 'War']"
33,Unforgiven,1992-08-07,14400000,159157447,130,7.907,4760,6.9704,['Western']
38,Eternal Sunshine of the Spotless Mind,2004-03-19,20000000,72258126,108,8.092,15892,11.7672,"['Science Fiction', 'Drama', 'Romance']"
58,Pirates of the Caribbean: Dead Man's Chest,2006-07-06,200000000,1066179747,151,7.374,16769,15.8594,"['Adventure', 'Fantasy', 'Action']"
62,2001: A Space Odyssey,1968-04-02,12000000,71923560,149,8.06,12225,11.5043,"['Science Fiction', 'Mystery', 'Adventure']"
70,Million Dollar Baby,2004-12-05,30000000,216763646,132,7.955,10101,5.3481,['Drama']
73,American History X,1998-07-01,20000000,23900000,119,8.33,12219,6.7078,['Drama']
76,Before Sunrise,1995-01-27,2500000,5987386,101,7.97,4508,6.5017,"['Drama', 'Romance']"
77,Memento,2000-10-11,9000000,40047236,113,8.178,15761,9.484,"['Mystery', 'Thriller']"
78,Blade Runner,1982-06-25,28000000,41722424,118,7.941,14566,11.8814,"['Science Fiction', 'Drama', 'Thriller']"
81,Nausicaä of the Valley of the Wind,1984-03-11,1000000,9016411,117,7.9,3898,6.3723,"['Adventure', 'Animation', 'Fantasy']"
85,Raiders of the Lost Ark,1981-06-12,18000000,389925971,115,7.922,13255,13.0838,"['Adventure', 'Action']"
98,Gladiator,2000-05-04,103000000,465516248,155,8.221,20338,16.5021,"['Action', 'Drama', 'Adventure']"
100,"Lock, Stock and Two Smoking Barrels",1998-08-28,1350000,28356188,105,8.102,6970,5.8,"['Comedy', 'Crime']"
101,Léon: The Professional,1994-09-14,16000000,45284974,111,8.299,15643,12.6992,"['Crime', 'Drama', 'Action']"
103,Taxi Driver,1976-02-09,1900000,28579636,114,8.131,13049,13.2584,"['Crime', 'Drama']"
105,Back to the Future,1985-07-03,19000000,381109762,116,8.322,21203,21.3109,"['Adventure', 'Comedy', 'Science Fiction']"
106,Predator,1987-06-12,15000000,98267558,107,7.543,8725,32.2342,"['Science Fiction', 'Action', 'Adventure', 'Thriller']"
107,Snatch,2000-09-01,100000000,83557872,103,7.817,9644,13.0437,"['Crime', 'Comedy']"
110,Three Colors: Red,1994-05-12,0,4127033,100,7.911,1505,2.783,"['Drama', 'Mystery', 'Romance']"
111,Scarface,1983-12-09,25000000,66023329,170,8.157,12630,16.5622,"['Action', 'Crime', 'Drama']"
114,Pretty Woman,1990-03-23,14000000,463406268,120,7.46,8735,14.6637,"['Romance', 'Comedy']"
120,The Lord of the Rings: The Fellowship of the Ring,2001-12-18,93000000,871368364,179,8.427,26742,29.3669,"['Adventure', 'Fantasy', 'Action']"
121,The Lord of the Rings: The Two Towers,2002-12-18,79000000,926287400,179,8.411,23215,26.0305,"['Adventure', 'Fantasy', 'Action']"
122,The Lord of the Rings: The Return of the King,2003-12-17,94000000,1118888979,201,8.492,25791,25.4518,"['Adventure', 'Fantasy', 'Action']"
128,Princess Mononoke,1997-07-12,23500000,176506186,134,8.3,8660,10.6611,"['Adventure', 'Fantasy', 'Animation']"
129,Spirited Away,2001-07-20,19000000,274925095,125,8.533,17755,21.1535,"['Animation', 'Family', 'Fantasy']"
137,Groundhog Day,1993-02-11,14600000,71108778,101,7.622,8571,17.2203,"['Romance', 'Fantasy', 'Drama', 'Comedy']"
147,The 400 Blows,1959-06-03,0,0,99,8.0,2259,3.0459,['Drama']
149,Akira,1988-06-10,5700000,49000000,124,7.938,4586,6.2499,"['Animation', 'Science Fiction', 'Action']"
155,The Dark Knight,2008-07-16,185000000,1004558444,152,8.525,34900,27.1748,"['Drama', 'Action', 'Crime', 'Thriller']"
185,A Clockwork Orange,1971-10-28,2200000,27033812,137,8.18,13504,8.0088,"['Science Fiction', 'Crime']"
194,Amélie,2001-04-25,10000000,173921954,122,7.914,12081,8.8147,"['Comedy', 'Romance']"
196,Back to the Future Part III,1990-05-25,40000000,244527583,119,7.49,11201,16.1902,"['Adventure', 'Comedy', 'Science Fiction']"
197,Braveheart,1995-05-24,72000000,213216216,178,7.941,10764,12.6004,"['Action', 'Drama', 'History', 'War']"
204,The Wages of Fear,1953-04-22,0,0,153,8.004,1038,2.504,"['Drama', 'Thriller', 'Adventure']"
207,Dead Poets Society,1989-06-02,16400000,235860116,129,8.3,12129,11.0445,['Drama']
213,North by Northwest,1959-08-06,4000000,13275000,136,7.977,4359,5.0608,"['Thriller', 'Adventure']"
218,The Terminator,1984-10-26,6400000,78371200,108,7.674,14107,17.1898,"['Action', 'Thriller', 'Science Fiction']"
223,Rebecca,1940-04-12,1288000,7592465,130,7.9,1905,2.402,"['Mystery', 'Romance', 'Thriller']"
234,The Cabinet of Dr. Caligari,1920-02-26,18000,8811,77,7.926,1715,2.4252,"['Drama', 'Horror', 'Thriller', 'Crime']"
238,The Godfather,1972-03-14,6000000,245066411,175,8.685,22208,29.4149,"['Drama', 'Crime']"
239,Some Like It Hot,1959-03-19,2883848,25000000,122,8.087,3743,9.8615,"['Comedy', 'Romance', 'Crime']"
240,The Godfather Part II,1974-12-20,13000000,102600000,202,8.571,13427,18.2909,"['Drama', 'Crime']"
272,Batman Begins,2005-06-10,150000000,374218673,140,7.72,22076,18.1064,"['Drama', 'Crime', 'Action']"
274,The Silence of the Lambs,1991-02-14,19000000,272742922,119,8.346,17381,3.6409,"['Crime', 'Thriller', 'Drama']"
278,The Shawshank Redemption,1994-09-23,25000000,28341469,142,8.713,29423,52.8301,"['Drama', 'Crime']"
279,Amadeus,1984-09-19,18000000,90007557,160,8.0,4576,5.1796,"['History', 'Music', 'Drama']"
280,Terminator 2: Judgment Day,1991-07-03,102000000,520000000,137,8.136,13799,16.0466,"['Action', 'Thriller', 'Science Fiction']"
284,The Apartment,1960-06-21,3000000,25000000,125,8.195,2530,6.0058,"['Comedy', 'Drama', 'Romance']"
285,Pirates of the Caribbean: At World's End,2007-05-19,300000000,961691209,169,7.3,15101,16.0278,"['Adventure', 'Fantasy', 'Action']"
289,Casablanca,1943-01-15,878000,10462500,103,8.144,5843,7.2883,"['Drama', 'Romance']"
307,"Rome, Open City",1945-10-08,20000,1000000,103,8.02,952,3.6152,"['Drama', 'War']"
311,Once Upon a Time in America,1984-05-23,30000000,5500000,229,8.396,5824,10.5082,"['Drama', 'Crime']"
329,Jurassic Park,1993-06-11,63000000,920100000,127,7.964,17352,8.6771,"['Adventure', 'Science Fiction']"
335,Once Upon a Time in the West,1968-12-21,5000000,5380118,166,8.3,4714,8.5965,"['Drama', 'Western']"
346,Seven Samurai,1954-04-26,2000000,105000000,207,8.452,4062,8.932,"['Action', 'Drama']"
348,Alien,1979-05-25,11000000,104931801,117,8.167,15849,17.238,"['Horror', 'Science Fiction']"
387,Das Boot,1981-09-17,14000000,85000000,150,8.084,2400,4.5137,"['Drama', 'History', 'War']"
389,12 Angry Men,1957-04-10,397751,4360000,97,8.549,9614,10.0581,['Drama']
393,Kill Bill: Vol. 2,2004-04-16,30000000,152159461,136,7.875,14668,11.6263,"['Action', 'Crime', 'Thriller']"
405,La Strada,1954-09-23,0,0,115,7.914,1135,1.44,['Drama']
406,La Haine,1995-05-31,2600000,15300000,98,8.083,4380,6.0774,['Drama']
411,"The Chronicles of Narnia: The Lion, the Witch and the Wardrobe",2005-12-07,180000000,745013115,143,7.137,11218,25.5046,"['Adventure', 'Family', 'Fantasy']"
422,8½,1963-02-14,0,0,139,8.1,2455,3.6842,['Drama']
423,The Pianist,2002-09-17,35000000,120098945,150,8.379,9817,9.0227,"['Drama', 'War']"
424,Schindler's List,1993-12-15,22000000,321365567,195,8.565,16945,14.0758,"['Drama', 'History', 'War']"
426,Vertigo,1958-05-09,2479000,7808900,128,8.2,6138,5.1581,"['Mystery', 'Romance', 'Thriller']"
429,"The Good, the Bad and the Ugly",1966-12-22,1200000,38900000,161,8.466,9306,13.2686,['Western']
439,La Dolce Vita,1960-02-05,0,19647000,176,8.0,1986,2.7796,"['Comedy', 'Drama']"
453,A Beautiful Mind,2001-12-14,58000000,316791257,135,7.856,10767,9.2131,"['Drama', 'Romance']"
489,Good Will Hunting,1997-12-05,10000000,225900000,127,8.157,13360,13.6423,['Drama']
490,The Seventh Seal,1957-02-16,150000,311212,96,8.164,3229,5.9249,"['Fantasy', 'Drama']"
497,The Green Mile,1999-12-10,60000000,286801374,189,8.503,18661,19.7207,"['Fantasy', 'Drama', 'Crime']"
500,Reservoir Dogs,1992-09-02,1200000,2859750,99,8.117,15024,8.7078,"['Crime', 'Thriller']"
508,Love Actually,2003-09-07,40000000,250779876,135,7.095,7197,17.3015,"['Comedy', 'Romance', 'Drama']"
510,One Flew Over the Cuckoo's Nest,1975-11-19,3000000,108981275,133,8.412,11095,7.7065,['Drama']
521,Dial M for Murder,1954-05-29,1400000,3000000,105,8.0,2767,2.8505,"['Thriller', 'Crime']"
524,Casino,1995-11-22,50000000,116112375,179,7.992,6305,8.3775,"['Crime', 'Drama']"
539,Psycho,1960-09-08,806947,50048065,109,8.421,10690,11.4072,"['Horror', 'Thriller', 'Mystery']"
548,Rashomon,1950-08-26,250000,117668,88,8.047,2428,3.2733,"['Crime', 'Drama', 'Mystery']"
550,Fight Club,1999-10-15,63000000,100853753,139,8.438,31160,28.5771,"['Drama', 'Thriller']"
557,Spider-Man,2002-05-01,139000000,821708551,121,7.318,20139,17.9598,"['Action', 'Science Fiction']"
562,Die Hard,1988-07-15,28000000,140767956,132,7.804,11895,28.195,"['Action', 'Thriller']"
567,Rear Window,1954-09-01,1000000,37042336,112,8.348,6930,5.936,"['Thriller', 'Mystery']"
578,Jaws,1975-06-20,7000000,470653000,124,7.68,11211,19.5069,"['Horror', 'Thriller', 'Adventure']"
582,The Lives of Others,2006-03-23,2000000,77672685,137,8.038,3964,4.5406,"['Drama', 'Thriller']"
585,"Monsters, Inc.",2001-11-01,115000000,579700000,92,7.847,19325,18.5537,"['Animation', 'Comedy', 'Family']"
595,To Kill a Mockingbird,1962-12-20,2000000,13129846,129,7.995,2763,4.228,['Drama']
597,Titanic,1997-11-18,200000000,2264162353,194,7.903,26598,33.7809,"['Drama', 'Romance']"
598,City of God,2002-08-30,3300000,30641770,129,8.426,7917,8.1396,"['Drama', 'Crime']"
599,Sunset Boulevard,1950-08-10,1752000,5000000,110,8.288,2814,4.1912,['Drama']
600,Full Metal Jacket,1987-06-26,30000000,46357676,117,8.123,11130,8.5388,"['Drama', 'War']"
601,E.T. the Extra-Terrestrial,1982-06-11,10500000,797307407,115,7.511,11711,25.2869,"['Science Fiction', 'Adventure', 'Family', 'Fantasy']"
603,The Matrix,1999-03-31,63000000,463517383,136,8.237,27146,23.6265,"['Action', 'Science Fiction']"
614,Wild Strawberries,1957-08-28,0,0,91,8.093,1757,4.8206,['Drama']
627,Trainspotting,1996-02-23,4000000,71981823,94,7.96,10133,9.5301,"['Drama', 'Crime']"
629,The Usual Suspects,1995-07-19,6000000,23300000,106,8.172,11035,11.7916,"['Drama', 'Crime', 'Thriller']"
637,Life Is Beautiful,1997-12-20,20000000,230098753,116,8.441,13691,7.543,"['Comedy', 'Drama']"
640,Catch Me If You Can,2002-12-16,52000000,352114312,141,7.978,16603,14.3959,"['Drama', 'Crime']"
641,Requiem for a Dream,2000-10-06,4500000,7390108,102,8.014,10644,4.6577,"['Crime', 'Drama']"
652,Troy,2004-05-13,175000000,497409852,163,7.164,10756,16.3628,"['War', 'Action', 'History']"
654,On the Waterfront,1954-06-22,910000,9600631,108,7.877,1701,2.2575,"['Crime', 'Drama', 'Romance']"
655,"Paris, Texas",1984-07-16,1750000,2181987,145,8.088,2108,4.0975,['Drama']
662,La Jetée,1962-02-16,0,0,29,7.871,961,1.8075,"['Drama', 'Romance', 'Science Fiction']"
665,Ben-Hur,1959-11-18,15000000,164000000,212,7.887,2999,9.0575,"['History', 'Drama', 'Adventure']"
666,Central Station,1998-04-03,2900000,5596708,110,8.1,1007,4.003,['Drama']
670,Oldboy,2003-11-21,3000000,17500000,120,8.244,9423,13.0617,"['Drama', 'Thriller', 'Mystery', 'Action']"
671,Harry Potter and the Philosopher's Stone,2001-11-16,125000000,976475550,152,7.899,28954,31.1353,"['Adventure', 'Fantasy']"
672,Harry Potter and the Chamber of Secrets,2002-11-13,100000000,876688482,161,7.705,23091,22.9912,"['Adventure', 'Fantasy']"
673,Harry Potter and the Prisoner of Azkaban,2004-05-31,130000000,789804554,141,8.01,22666,21.9089,"['Adventure', 'Fantasy']"
675,Harry Potter and the Order of the Phoenix,2007-07-08,150000000,938212738,138,7.674,20383,21.5903,"['Adventure', 'Fantasy']"
679,Aliens,1986-07-18,18500000,183316455,137,7.955,10494,11.6451,"['Action', 'Thriller', 'Science Fiction']"
680,Pulp Fiction,1994-09-10,8000000,213928762,154,8.486,29444,21.8809,"['Thriller', 'Crime', 'Comedy']"
694,The Shining,1980-05-23,19000000,44781695,144,8.206,18438,16.1616,"['Horror', 'Thriller']"
705,All About Eve,1950-11-09,1400000,8402553,139,8.075,1638,2.1073,['Drama']
745,The Sixth Sense,1999-08-06,40000000,672800000,107,7.947,12451,10.13,"['Mystery', 'Thriller', 'Drama']"
752,V for Vendetta,2006-02-23,54000000,134686457,132,7.898,15186,7.7735,"['Action', 'Thriller', 'Science Fiction']"
767,Harry Potter and the Half-Blood Prince,2009-07-15,250000000,933959197,153,7.682,20354,25.9548,"['Adventure', 'Fantasy']"
769,GoodFellas,1990-09-12,25000000,47072327,145,8.453,13867,17.1875,"['Drama', 'Crime']"
770,Gone with the Wind,1939-12-15,4000000,402352579,233,7.918,4260,8.3753,"['Drama', 'War', 'Romance']"
772,Home Alone 2: Lost in New York,1992-11-15,18000000,358994850,120,6.775,10317,58.4862,"['Comedy', 'Family', 'Adventure']"
775,A Trip to the Moon,1902-06-15,5985,0,15,7.899,1922,2.398,"['Adventure', 'Science Fiction', 'Fantasy']"
777,Grand Illusion,1937-06-04,0,172885,114,7.866,750,1.2048,"['Drama', 'History', 'War']"
780,The Passion of Joan of Arc,1928-04-21,0,18121,81,8.0,1044,1.7481,"['Drama', 'History']"
797,Persona,1966-10-18,0,0,84,8.1,2341,4.561,['Drama']
800,The Young and the Damned,1950-12-09,0,0,82,8.028,519,5.0561,"['Drama', 'Crime']"
804,Roman Holiday,1953-08-26,1500000,12000000,119,7.889,2192,4.4542,"['Romance', 'Comedy', 'Drama']"
807,Se7en,1995-09-22,33000000,327311859,127,8.379,22406,18.3795,"['Crime', 'Mystery', 'Thriller']"
808,Shrek,2001-05-18,60000000,488628188,90,7.754,18221,26.431,"['Animation', 'Comedy', 'Fantasy', 'Adventure', 'Family']"
809,Shrek 2,2004-05-19,150000000,935454538,92,7.304,13089,14.9954,"['Animation', 'Family', 'Comedy', 'Fantasy', 'Adventure', 'Romance']"
821,Judgment at Nuremberg,1961-12-18,3000000,10000000,191,8.0,891,3.6372,"['Drama', 'History']"
827,Diabolique,1955-01-29,0,0,117,7.9,1055,1.32,"['Thriller', 'Mystery']"
829,Chinatown,1974-06-20,6000000,30000000,130,7.915,4108,5.6488,"['Crime', 'Drama', 'Mystery', 'Thriller']"
832,M,1931-05-11,0,35274,109,8.1,2372,2.4172,"['Drama', 'Thriller', 'Crime']"
833,Umberto D.,1952-01-20,0,71461,91,7.9,721,5.4269,['Drama']
843,In the Mood for Love,2000-09-29,3000000,15867968,99,8.091,3106,10.3547,"['Drama', 'Romance']"
854,The Mask,1994-07-29,23000000,351583407,101,6.974,10906,14.7361,"['Romance', 'Comedy', 'Crime', 'Fantasy']"
857,Saving Private Ryan,1998-07-24,70000000,481840909,169,8.221,16740,13.5092,"['War', 'Drama', 'History']"
862,Toy Story,1995-11-22,30000000,401157969,81,7.97,19392,22.3688,"['Family', 'Comedy', 'Animation', 'Adventure']"
863,Toy Story 2,1999-10-30,90000000,497375404,92,7.604,14534,13.7301,"['Animation', 'Comedy', 'Family']"
869,Planet of the Apes,2001-07-27,100000000,362211740,120,5.763,4292,12.8777,"['Thriller', 'Science Fiction', 'Action', 'Adventure']"
872,Singin' in the Rain,1952-04-10,2540800,7200000,103,8.14,3377,4.7271,"['Comedy', 'Romance']"
895,Andrei Rublev,1966-12-16,0,24173,183,7.963,906,2.6617,"['Drama', 'History']"
901,City Lights,1931-02-06,1500000,4250000,87,8.263,2365,2.7327,"['Comedy', 'Drama', 'Romance']"
914,The Great Dictator,1940-10-15,2000000,11000000,125,8.3,3574,2.4778,"['Comedy', 'War']"
935,Dr. Strangelove or: How I Learned to Stop Worrying and Love the Bomb,1964-01-29,1800000,9500000,95,8.125,5970,5.0456,"['Comedy', 'War']"
938,For a Few Dollars More,1965-12-18,600000,15000000,132,8.0,4275,6.9693,['Western']
947,Lawrence of Arabia,1962-12-11,15000000,70000000,228,7.997,3281,6.0825,"['Adventure', 'History', 'War']"
949,Heat,1995-12-15,60000000,187400000,170,7.926,7970,13.3537,"['Crime', 'Drama', 'Action']"
953,Madagascar,2005-05-25,75000000,542064525,86,6.917,11412,14.1376,"['Family', 'Animation', 'Adventure', 'Comedy']"
961,The General,1926-12-25,750000,1000000,79,7.9,1358,2.6331,"['Action', 'Adventure', 'Comedy', 'War', 'Romance']"
962,The Gold Rush,1925-07-13,923000,4000000,95,7.981,1758,3.0087,"['Adventure', 'Comedy', 'Drama']"
975,Paths of Glory,1957-10-25,935000,1200000,88,8.26,3155,5.739,"['War', 'Drama']"
992,Sherlock Jr.,1924-04-17,0,0,45,8.052,1109,5.0093,"['Action', 'Comedy', 'Mystery']"
996,Double Indemnity,1944-07-06,927262,2500000,107,8.107,1951,2.6614,"['Crime', 'Thriller']"
1059,The Hidden Fortress,1958-12-28,0,57673,139,7.975,669,2.1548,"['Drama', 'Action', 'Adventure']"
1091,The Thing,1982-06-25,15000000,19629760,109,8.07,7607,10.1643,"['Horror', 'Mystery', 'Science Fiction']"
1092,The Third Man,1949-09-01,0,1226098,105,7.9,2020,3.6592,"['Thriller', 'Mystery']"
1124,The Prestige,2006-10-17,40000000,109676311,130,8.2,17059,12.1185,"['Drama', 'Mystery', 'Science Fiction']"
1162,The Miracle Worker,1962-05-23,500000,2500000,106,7.889,328,1.4323,['Drama']
1396,Mirror,1975-03-07,825000,124367,107,7.9,1045,3.7568,"['Drama', 'History']"
1398,Stalker,1979-05-25,120000,0,162,8.112,2398,4.7981,"['Science Fiction', 'Drama']"
1402,The Pursuit of Happyness,2006-12-14,55000000,307077295,117,7.887,10339,10.1593,['Drama']
1422,The Departed,2006-10-04,90000000,291465000,151,8.159,15735,10.5087,"['Drama', 'Thriller', 'Crime']"
1578,Raging Bull,1980-11-14,18000000,23380203,129,7.9,4594,4.0445,['Drama']
1580,Rope,1948-09-25,1500000,2200000,81,7.94,2908,4.1194,"['Thriller', 'Crime', 'Drama']"
1581,The Holiday,2006-12-05,85000000,205233866,136,7.094,5476,16.9981,"['Comedy', 'Romance']"
1585,It's a Wonderful Life,1946-12-20,3180000,9644124,130,8.3,4705,22.0851,"['Drama', 'Family', 'Fantasy']"
1607,A Bronx Tale,1993-10-01,22000000,17287898,121,7.874,2718,8.4741,"['Drama', 'Crime']"
1621,Trading Places,1983-06-07,15000000,90404800,116,7.228,3536,16.7984,['Comedy']
1646,Freedom Writers,2007-01-05,21000000,43095175,123,7.922,2361,2.589,"['Crime', 'Drama']"
1726,Iron Man,2008-04-30,140000000,585174222,126,7.655,27579,18.8244,"['Action', 'Science Fiction', 'Adventure']"
1865,Pirates of the Caribbean: On Stranger Tides,2011-05-15,379000000,1046721266,136,6.565,14643,18.91,"['Adventure', 'Action', 'Fantasy']"
1891,The Empire Strikes Back,1980-05-20,18000000,538400000,124,8.393,17923,8.5553,"['Adventure', 'Action', 'Science Fiction']"
1892,Return of the Jedi,1983-05-25,32350000,572700000,132,7.903,16520,8.4617,"['Adventure', 'Action', 'Science Fiction']"
1930,The Amazing Spider-Man,2012-06-23,215000000,757930663,136,6.724,18123,13.53,"['Action', 'Adventure', 'Science Fiction']"
1955,The Elephant Man,1980-10-09,5000000,26000000,124,8.05,3785,4.3552,"['Drama', 'History']"
2011,Persepolis,2007-06-27,7300000,0,95,7.888,2061,1.7993,"['Animation', 'Drama']"
2022,Mr. Deeds,2002-06-28,50000000,171269565,96,5.915,2440,15.9653,"['Comedy', 'Romance']"
2062,Ratatouille,2007-06-28,150000000,623726000,111,7.8,18018,17.0235,"['Animation', 'Comedy', 'Family', 'Fantasy']"
2118,L.A. Confidential,1997-09-19,35000000,126216940,138,7.803,5325,12.5831,"['Crime', 'Mystery', 'Thriller', 'Drama']"
2457,Children of Paradise,1945-03-15,0,1457,190,8.068,441,1.4745,"['Drama', 'Romance']"
2517,Nobody Knows,2004-08-07,0,0,141,7.972,601,2.8827,['Drama']
3034,Young Frankenstein,1974-12-15,2800000,86273333,106,7.861,3307,3.8595,['Comedy']
3082,Modern Times,1936-02-05,1500000,1800000,87,8.284,3941,2.7735,"['Comedy', 'Drama', 'Romance']"
3090,The Treasure of the Sierra Madre,1948-01-15,3800000,4307000,126,7.958,1288,1.8567,"['Adventure', 'Drama', 'Western']"
3175,Barry Lyndon,1975-12-18,11000000,31500000,188,7.991,3057,3.6421,"['Drama', 'Romance', 'War', 'History']"
3777,Throne of Blood,1957-01-15,0,13422,108,7.9,944,2.2066,"['Drama', 'History']"
3780,Red Beard,1965-03-04,0,0,185,8.12,392,1.8962,['Drama']
3782,Ikiru,1952-10-09,0,55240,143,8.317,1265,3.3104,['Drama']
4348,Pride & Prejudice,2005-09-16,28000000,124604345,127,8.055,8542,16.745,"['Drama', 'Romance']"
4935,Howl's Moving Castle,2004-09-09,24000000,236049757,119,8.389,10693,14.8531,"['Fantasy', 'Animation', 'Adventure']"
5156,Bicycle Thieves,1948-07-21,133000,450159,89,8.175,2571,2.8556,['Drama']
5255,The Polar Express,2004-11-10,165000000,318432432,100,6.722,6729,20.6741,"['Animation', 'Adventure', 'Family', 'Fantasy']"
5825,National Lampoon's Christmas Vacation,1989-11-30,27000000,74542088,97,7.236,2599,16.2026,['Comedy']
5925,The Great Escape,1963-07-03,4000000,11700000,173,7.939,2730,6.77,"['Adventure', 'Drama', 'War']"
6715,The Cure,1995-04-21,0,2568235,97,7.933,338,8.0464,"['Drama', 'Family']"
6977,No Country for Old Men,2007-11-09,25000000,171627166,122,7.947,12873,11.1478,"['Crime', 'Thriller', 'Western']"
7345,There Will Be Blood,2007-12-26,25000000,77208711,158,8.08,7145,7.5906,['Drama']
7347,Elite Squad,2007-10-12,4000000,14759148,115,8.06,2606,5.5632,"['Drama', 'Action', 'Crime']"
7451,xXx,2002-08-09,70000000,277448382,124,5.979,4708,70.9073,"['Action', 'Adventure', 'Thriller', 'Crime', 'Drama']"
7485,Shooter,2007-03-22,61000000,95700000,124,7.122,5251,14.0559,"['Drama', 'Action', 'Thriller']"
7508,Like Stars on Earth,2007-12-21,2600000,28430000,162,8.0,1269,5.5771,['Drama']
7857,Amarcord,1973-12-18,0,0,123,7.9,1175,3.9007,"['Comedy', 'Drama']"
7984,In the Name of the Father,1993-12-12,13000000,65796862,133,7.893,1879,2.0583,['Drama']
8290,Don't Look Now... We're Being Shot At!,1966-12-08,0,0,132,7.925,1423,6.1924,"['Comedy', 'War']"
8316,The Countess,2009-03-13,8500000,784522,100,5.906,177,15.9909,"['Drama', 'History', 'Thriller', 'Mystery', 'Horror']"
8392,My Neighbor Totoro,1988-04-16,3700000,41000000,86,8.064,8513,10.9869,"['Fantasy', 'Animation', 'Family']"
8420,...And God Created Woman,1956-11-28,300000,33000000,92,6.0,245,15.1499,"['Drama', 'Romance']"
8422,Rocco and His Brothers,1960-10-07,0,0,178,7.99,639,1.3504,"['Drama', 'Romance']"
8587,The Lion King,1994-06-15,45000000,763455561,89,8.256,19231,16.7754,"['Family', 'Animation', 'Drama', 'Adventure']"
8871,How the Grinch Stole Christmas,2000-11-17,123000000,345800000,105,6.782,8071,46.2896,"['Family', 'Comedy', 'Fantasy']"
8966,Twilight,2008-11-20,37000000,393616788,122,6.283,14134,16.7942,"['Fantasy', 'Drama', 'Romance']"
9277,The Sting,1973-12-25,5500000,159616327,129,8.022,2824,4.6131,"['Comedy', 'Crime', 'Drama']"
9323,Ghost in the Shell,1995-11-18,3000000,10000000,83,7.923,3708,6.2474,"['Action', 'Animation', 'Science Fiction']"
9360,Anaconda,1997-04-11,45000000,136885767,90,5.253,2678,13.486,"['Adventure', 'Horror', 'Thriller']"
9479,The Nightmare Before Christmas,1993-10-29,18000000,75634409,76,7.833,10080,13.2085,"['Fantasy', 'Animation', 'Family']"
9502,Kung Fu Panda,2008-06-04,130000000,632091832,90,7.311,12261,14.6403,"['Animation', 'Family', 'Comedy', 'Action', 'Adventure']"
9702,Bound by Honor,1993-02-05,35000000,4500000,180,8.137,1468,8.5178,"['Crime', 'Action', 'Drama', 'Thriller']"
9714,Home Alone 3,1997-12-12,32000000,79082515,102,5.277,3188,20.7354,"['Comedy', 'Family']"
9764,Dersu Uzala,1975-08-02,4000000,0,141,7.916,596,2.2247,"['Adventure', 'Drama']"
9928,Robots,2005-03-10,75000000,262511490,90,6.476,4796,16.9937,"['Animation', 'Comedy', 'Family', 'Science Fiction']"
10098,The Kid,1921-01-21,250000,5450000,68,8.1,2279,2.6259,"['Comedy', 'Drama']"
10138,Iron Man 2,2010-04-28,200000000,623933331,124,6.849,21924,17.0729,"['Adventure', 'Action', 'Science Fiction']"
10191,How to Train Your Dragon,2010-03-18,165000000,495141736,98,7.9,13961,15.646,"['Fantasy', 'Adventure', 'Animation', 'Family']"
10192,Shrek Forever After,2010-05-20,165000000,752600867,93,6.392,7757,24.9829,"['Comedy', 'Adventure', 'Fantasy', 'Animation', 'Family']"
10195,Thor,2011-04-21,150000000,449326618,115,6.768,21951,13.406,"['Adventure', 'Fantasy', 'Action']"
10238,Cries and Whispers,1972-12-21,400000,0,95,7.887,752,1.2105,['Drama']
10242,What Ever Happened to Baby Jane?,1962-10-31,980000,0,135,7.903,1118,2.3863,"['Thriller', 'Drama', 'Horror']"
10376,The Legend of 1900,1998-10-28,9000000,21057208,170,8.246,2376,3.8147,"['Drama', 'Music']"
10386,The Iron Giant,1999-08-06,50000000,23300000,86,7.953,5973,6.5527,"['Animation', 'Family', 'Science Fiction', 'Drama']"
10404,Raise the Red Lantern,1991-12-18,1000000,16600000,125,7.926,773,3.5345,['Drama']
10437,The Muppet Christmas Carol,1992-12-11,12000000,27300000,86,7.431,1121,44.1512,"['Music', 'Comedy', 'Family', 'Fantasy', 'Drama']"
10494,Perfect Blue,1998-02-28,3000000,683666,82,8.299,3010,8.6143,"['Animation', 'Thriller']"
10515,Castle in the Sky,1986-08-02,3000000,5228752,125,8.0,4519,7.8038,"['Adventure', 'Fantasy', 'Animation', 'Action', 'Family']"
10640,Futureworld,1976-08-13,2500000,4200000,108,5.9,346,13.9439,"['Action', 'Adventure', 'Science Fiction', 'Thriller']"
10674,Mulan,1998-06-18,90000000,304320254,88,7.9,10202,11.2487,"['Animation', 'Family', 'Adventure']"
10681,WALL·E,2008-06-22,180000000,521311860,98,8.106,19754,17.6022,"['Animation', 'Family', 'Science Fiction']"
10728,Faust,1926-10-13,0,0,116,7.9,382,1.3945,"['Fantasy', 'Drama', 'Horror']"
10743,Confidence,2003-04-25,15000000,23014206,97,6.3,467,18.0918,"['Action', 'Comedy', 'Thriller', 'Crime', 'Mystery']"
10764,Quantum of Solace,2008-10-29,200000000,589593688,106,6.336,8279,15.7106,"['Adventure', 'Action', 'Thriller', 'Crime']"
10874,Muppet Treasure Island,1996-02-16,31000000,34327766,99,6.7,440,13.3447,"['Family', 'Comedy', 'Adventure']"
10997,Farewell My Concubine,1993-01-01,4000000,6400000,171,7.946,648,4.4227,['Drama']
11010,The Postman,1994-09-22,3000000,33000000,109,7.922,1187,1.74,"['Comedy', 'Drama', 'Romance']"
11036,The Notebook,2004-06-25,29000000,115600000,123,7.891,12234,13.5075,"['Romance', 'Drama']"
11104,Chungking Express,1994-07-14,160000,0,103,8.0,2078,6.3411,"['Drama', 'Comedy', 'Romance']"
11216,Cinema Paradiso,1988-11-17,5000000,12462062,124,8.428,4679,6.2614,"['Drama', 'Romance']"
11293,Paper Moon,1973-05-09,2500000,30900000,102,7.86,788,2.1715,"['Comedy', 'Crime', 'Drama']"
11324,Shutter Island,2010-02-14,80000000,294804195,138,8.202,25185,16.2184,"['Drama', 'Thriller', 'Mystery']"
11423,Memories of Murder,2003-04-25,2800000,26000000,131,8.052,4330,7.7457,"['Crime', 'Drama', 'Thriller']"
11645,Ran,1985-06-01,12000000,23334156,160,8.0,1717,5.0205,"['Action', 'Drama', 'History']"
11658,Tae Guk Gi: The Brotherhood of War,2004-02-05,1500000,0,148,7.989,740,1.6318,"['Action', 'Adventure', 'Drama', 'History', 'War']"
11659,The Best of Youth,2003-06-22,0,2693053,367,8.07,586,1.532,"['Drama', 'History', 'Romance']"
11712,Sanjuro,1962-01-01,0,0,96,7.95,687,1.8578,"['Drama', 'Action', 'Comedy']"
11778,The Deer Hunter,1978-12-08,15000000,49000000,183,8.0,4089,6.4911,"['Drama', 'War']"
11878,Yojimbo,1961-04-25,0,0,110,8.09,1612,3.1297,"['Drama', 'Thriller']"
11881,Miracle on 34th Street,1947-06-04,630000,2700000,96,7.366,813,11.5304,"['Comedy', 'Drama', 'Family']"
11929,Dolores Claiborne,1995-03-24,13000000,46400000,132,7.269,840,39.1376,"['Crime', 'Drama', 'Mystery']"
12104,Pink Floyd: The Wall,1982-07-14,12000000,22244207,95,7.941,1596,2.358,"['Music', 'Drama']"
12153,White Chicks,2004-06-23,37000000,113100000,109,6.938,4348,14.1634,"['Comedy', 'Crime']"
12445,Harry Potter and the Deathly Hallows: Part 2,2011-07-12,125000000,1341511219,130,8.083,21530,21.0259,"['Adventure', 'Fantasy']"
12477,Grave of the Fireflies,1988-04-16,3700000,842132,89,8.445,6248,0.0098,"['Animation', 'Drama', 'War']"
12493,High and Low,1963-03-01,250000,0,142,8.343,1059,3.8657,"['Drama', 'Crime']"
12536,Home Alone 4,2002-11-03,0,0,84,4.499,1338,15.9845,"['Comedy', 'Family', 'TV Movie']"
12610,Osmosis Jones,2001-08-10,75000000,13596911,95,6.502,1060,17.1771,"['Adventure', 'Animation', 'Action', 'Comedy', 'Family', 'Science Fiction']"
12761,Autumn Sonata,1978-10-08,0,0,93,7.987,673,4.7493,['Drama']
13223,Gran Torino,2008-12-12,33000000,270000000,116,7.99,11255,4.7441,['Drama']
13398,Tokyo Godfathers,2003-12-05,0,607735,92,7.922,1439,5.8544,"['Animation', 'Drama', 'Comedy']"
13494,Red Sonja,2025-07-31,0,265091,111,5.737,158,16.205,"['Adventure', 'Action', 'Fantasy']"
14160,Up,2009-05-28,175000000,735103954,96,7.96,21178,15.3143,"['Animation', 'Comedy', 'Family', 'Adventure']"
14537,Harakiri,1962-09-15,0,0,135,8.4,1139,4.3741,"['Action', 'Drama', 'History']"
14696,Ugetsu,1953-03-26,0,0,96,8.002,626,1.9392,"['Fantasy', 'Drama', 'Mystery']"
14836,Coraline,2009-02-06,60000000,185860104,100,7.897,8697,16.4137,"['Animation', 'Family', 'Fantasy']"
15121,The Sound of Music,1965-03-29,8200000,286214286,174,7.725,3504,12.3227,"['Drama', 'Family', 'Music', 'Romance']"
15244,A Man Escaped,1956-11-11,0,0,101,7.947,589,1.3804,"['Drama', 'Thriller']"
15383,Army of Shadows,1969-09-10,0,906133,145,7.902,713,2.2698,"['War', 'Drama', 'Thriller']"
15462,Car Wash,1976-10-22,0,0,97,5.9,119,14.2997,"['Comedy', 'Drama', 'Romance']"
15804,A Brighter Summer Day,1991-07-27,0,0,237,8.3,366,3.1992,"['Crime', 'Drama', 'Romance']"
16237,Teen Titans: Trouble in Tokyo,2006-09-15,0,0,75,7.869,444,1.9465,"['Animation', 'Action', 'Science Fiction', 'TV Movie']"
16672,Woman in the Dunes,1964-02-15,0,0,147,8.2,500,2.9239,"['Drama', 'Thriller']"
16869,Inglourious Basterds,2009-08-02,70000000,321457747,153,8.215,23533,14.2176,"['Drama', 'Thriller', 'War']"
17295,The Battle of Algiers,1966-09-08,800000,964028,121,7.883,846,1.5781,"['Drama', 'War', 'History']"
18148,Tokyo Story,1953-11-03,0,0,137,8.163,1169,2.7519,['Drama']
18438,Castaway on the Moon,2009-05-14,0,0,119,7.925,718,2.4618,"['Drama', 'Comedy', 'Romance']"
18491,Neon Genesis Evangelion: The End of Evangelion,1997-07-19,0,20563523,87,8.3,1760,6.9704,"['Animation', 'Science Fiction', 'Drama', 'Fantasy']"
19404,Dilwale Dulhania Le Jayenge,1995-10-20,13200000,100000000,190,8.515,4532,7.2818,"['Comedy', 'Drama', 'Romance']"
19426,Nights of Cabiria,1957-10-03,0,752045,110,7.988,829,1.6423,['Drama']
19542,The Red Shoes,1948-09-06,500000,10000000,133,8.0,719,3.6464,"['Drama', 'Romance']"
19995,Avatar,2009-12-16,237000000,2923706026,162,7.598,33096,105.833,"['Action', 'Adventure', 'Fantasy', 'Science Fiction']"
20271,Divorce Italian Style,1961-12-20,0,0,104,7.88,511,0.9529,"['Comedy', 'Crime']"
20334,The Shop Around the Corner,1940-01-12,500000,0,99,8.089,796,2.0741,"['Comedy', 'Drama', 'Romance']"
20453,3 Idiots,2009-12-23,9000000,70000000,171,8.0,2595,7.4397,"['Drama', 'Comedy']"
20530,Late Spring,1949-09-13,0,0,108,8.011,453,1.9483,['Drama']
20532,Sansho the Bailiff,1954-03-31,0,0,124,8.079,411,1.5538,['Drama']
20722,La Maison en Petits Cubes,2008-06-10,0,0,12,7.908,448,0.9894,['Animation']
20766,The Road,2009-11-25,32000000,27635305,111,7.013,4123,21.5255,"['Adventure', 'Drama']"
20803,Ivan Vasilyevich Changes His Profession,1973-09-17,0,0,93,7.915,386,2.8961,"['Comedy', 'Science Fiction']"
20914,My Friends,1975-10-24,0,0,140,8.124,729,4.9953,['Comedy']
20941,Innocent Voices,2005-01-28,0,837000,120,8.2,508,4.9494,"['Drama', 'War']"
21334,Children of Heaven,1997-08-01,180000,925402,88,7.915,687,2.1625,"['Drama', 'Family']"
21634,Prayers for Bobby,2009-01-24,0,0,89,8.059,614,1.2742,"['Drama', 'History', 'TV Movie']"
23282,One Week,1920-08-29,0,0,25,7.913,305,2.8043,['Comedy']
23527,First Squad: The Moment of Truth,2009-05-13,0,0,73,6.246,140,37.5965,"['Fantasy', 'Animation', 'Action', 'Science Fiction']"
24188,Il Sorpasso,1962-12-05,0,0,105,8.223,817,4.3165,"['Drama', 'Comedy', 'Adventure']"
24238,Mary and Max,2009-04-09,8240000,1740429,92,7.881,2159,3.7173,"['Animation', 'Comedy', 'Drama']"
24382,Big Deal on Madonna Street,1958-07-26,0,0,106,8.09,757,2.3384,"['Comedy', 'Crime']"
24428,The Avengers,2012-04-25,220000000,1518815515,143,7.89,34753,53.7834,"['Science Fiction', 'Action', 'Adventure']"
25237,Come and See,1985-10-17,0,20929648,142,8.2,1718,6.6115,"['Drama', 'War']"
25364,Ace in the Hole,1951-06-29,1821052,1300000,111,7.855,716,1.6448,['Drama']
25376,The Secret in Their Eyes,2009-08-13,2000000,33965843,130,7.972,2746,3.4212,"['Mystery', 'Thriller', 'Drama']"
25538,Yi Yi,2000-09-20,0,1528767,174,7.9,627,6.4621,['Drama']
26022,My Name Is Khan,2010-02-10,12000000,42345360,165,8.029,1395,2.6541,"['Drama', 'Romance']"
26451,Investigation of a Citizen Above Suspicion,1970-10-16,0,0,111,8.2,848,1.3387,"['Drama', 'Thriller']"
27205,Inception,2010-07-15,160000000,839030630,148,8.371,38417,29.1606,"['Action', 'Science Fiction', 'Adventure']"
28178,Hachi: A Dog's Tale,2009-06-08,16000000,46800000,93,8.01,7011,12.4452,"['Drama', 'Family']"
28422,Love Exposure,2009-01-31,0,0,237,7.9,496,3.0619,"['Action', 'Comedy', 'Drama', 'Romance']"
28971,Limelight,1952-10-16,900000,1000000,137,7.908,572,2.9409,"['Romance', 'Drama', 'Music']"
28978,The Circus,1928-01-06,9000000,0,72,7.935,865,5.4207,"['Comedy', 'Romance', 'Drama']"
29259,Le Trou,1960-03-18,0,33187,132,8.239,537,2.7004,"['Drama', 'Thriller', 'Crime']"
29264,The Exterminating Angel,1962-05-16,0,0,93,7.932,707,1.323,"['Comedy', 'Drama', 'Fantasy']"
29455,Winter Light,1963-02-11,0,0,80,7.891,485,4.7209,['Drama']
30017,Close-Up,1990-02-01,0,0,98,7.952,431,1.8135,"['Crime', 'Drama']"
31439,To Live,1994-05-18,0,0,133,8.1,352,2.4865,"['Drama', 'Romance', 'War']"
36557,Casino Royale,2006-11-14,150000000,599045960,144,7.566,11333,14.6394,"['Adventure', 'Action', 'Thriller']"
37165,The Truman Show,1998-06-04,60000000,264118712,103,8.1,19587,12.8061,"['Comedy', 'Drama']"
37257,Witness for the Prosecution,1957-12-17,3000000,9000000,116,8.214,1590,3.3641,"['Drama', 'Mystery', 'Crime']"
37797,Whisper of the Heart,1995-07-15,0,0,111,7.948,2184,4.3945,"['Animation', 'Drama', 'Family']"
38286,Three Men and a Leg,1997-12-27,0,0,98,7.964,2131,1.0713,['Comedy']
38288,"“The Shorts” by Aldo, Giovanni and Giacomo",1996-03-29,0,0,130,8.099,357,0.2993,['Comedy']
38360,The Cranes Are Flying,1957-10-12,0,0,97,7.9,430,1.927,"['Drama', 'Romance', 'War']"
38757,Tangled,2010-11-24,260000000,592461732,100,7.61,12069,17.6191,"['Animation', 'Family', 'Adventure']"
40096,A Dog's Will,2000-09-15,0,4903192,104,8.4,1193,1.7527,"['Comedy', 'Drama', 'Fantasy', 'Romance']"
41050,La Notte,1961-01-24,0,0,122,7.9,718,2.1418,"['Drama', 'Romance']"
42229,A Special Day,1977-08-11,0,0,106,8.038,733,1.225,"['Drama', 'Romance']"
42269,We All Loved Each Other So Much,1974-12-21,0,0,125,8.285,628,1.0165,"['Drama', 'Comedy']"
42337,Beau Pere,1981-09-15,0,0,123,6.5,134,14.1646,"['Drama', 'Romance']"
43949,Flipped,2010-08-06,14000000,4324817,89,8.004,3234,6.221,"['Romance', 'Drama']"
46738,Incendies,2010-09-17,6800000,6788659,131,8.107,3103,12.3242,"['Drama', 'War', 'Mystery']"
47796,Mamma Roma,1962-09-22,0,0,110,7.876,427,0.9273,['Drama']
48035,Ordet,1955-01-09,0,0,125,7.945,397,2.0926,['Drama']
48591,The Oyster Princess,1919-06-26,0,0,58,6.8,62,20.388,['Comedy']
49013,Cars 2,2011-06-11,200000000,559852396,106,6.2,8266,14.076,"['Animation', 'Family', 'Adventure', 'Comedy']"
49964,Where Is The Friend's House?,1987-07-01,0,0,83,7.902,414,2.2279,"['Drama', 'Family', 'Adventure']"
50014,The Help,2011-08-09,25000000,216600000,146,8.205,8793,9.5185,['Drama']
50759,An Autumn Afternoon,1962-11-18,0,0,113,7.855,311,1.5871,['Drama']
51482,Death Note Relight 1: Visions of a God,2009-09-23,0,0,131,7.909,373,7.3487,"['TV Movie', 'Crime', 'Drama', 'Fantasy', 'Thriller', 'Animation']"
51822,Love Hurts,2002-11-08,10000000,0,104,7.98,349,1.8861,"['Drama', 'Romance']"
52629,El Infierno,2010-09-03,0,6703873,148,7.883,736,4.6646,"['Action', 'Crime', 'Western', 'Comedy', 'Drama']"
55823,The Great War,1959-10-28,0,0,137,8.1,363,0.6324,"['Comedy', 'War', 'Drama']"
55960,"Toto, Peppino, and the Hussy",1956-08-23,0,0,101,8.005,365,0.9823,"['Comedy', 'Romance']"
60243,A Separation,2011-02-15,5000000,24426169,123,7.9,1893,2.9253,['Drama']
62838,New Year's Eve,2011-12-08,56000000,142044638,118,5.883,2197,15.972,"['Comedy', 'Romance']"
66245,Arunachalam,1997-04-10,0,0,165,7.3,28,17.4128,"['Action', 'Drama', 'Comedy']"
68718,Django Unchained,2012-12-25,100000000,425368238,165,8.185,27370,26.0253,"['Drama', 'Western']"
68721,Iron Man 3,2013-04-18,200000000,1215577205,130,6.931,23009,14.9993,"['Action', 'Adventure', 'Science Fiction']"
72882,Operation: Daybreak,1975-11-01,0,0,118,6.9,47,47.6623,"['Action', 'War']"
75656,Now You See Me,2013-05-29,75000000,351723989,116,7.335,16337,19.1824,"['Thriller', 'Crime']"
76203,12 Years a Slave,2013-10-18,20000000,187000000,134,7.935,11726,5.4846,"['Drama', 'History']"
76341,Mad Max: Fury Road,2015-05-13,150000000,378858340,121,7.629,23608,13.784,"['Action', 'Adventure', 'Science Fiction']"
76600,Avatar: The Way of Water,2022-12-14,350000000,2353096253,192,7.605,13353,121.1097,"['Action', 'Adventure', 'Science Fiction']"
77338,The Intouchables,2011-11-02,13000000,426590315,113,8.271,18024,13.7944,"['Drama', 'Comedy']"
81188,Rise of the Guardians,2012-11-21,145000000,306941670,97,7.37,6998,24.4267,"['Animation', 'Family', 'Fantasy', 'Action', 'Adventure']"
81481,Silenced,2011-09-22,2200000,31500000,125,8.15,730,3.2784,['Drama']
83533,Avatar: Fire and Ash,2025-12-17,350000000,851695254,198,7.4,943,490.3056,"['Science Fiction', 'Adventure', 'Fantasy']"
87101,Terminator Genisys,2015-06-23,155000000,440603537,126,5.9,8770,13.9121,"['Science Fiction', 'Action', 'Thriller', 'Adventure']"
91314,Transformers: Age of Extinction,2014-06-25,210000000,1104054072,165,5.956,8552,21.8115,"['Science Fiction', 'Action', 'Adventure']"
92060,Michael Jackson's Thriller,1983-11-14,500000,0,14,8.221,730,2.6576,"['Horror', 'Thriller', 'Music']"
92321,Hotarubi no Mori e,2011-09-17,0,0,45,8.267,1187,0.0039,"['Romance', 'Animation', 'Fantasy']"
94047,My Way,2011-12-21,25500000,16653488,137,7.893,426,2.0781,"['Drama', 'Action', 'History', 'War']"
99069,Pound,1970-08-08,0,0,92,3.8,5,34.6728,['Comedy']
99861,Avengers: Age of Ultron,2015-04-22,235000000,1405403694,141,7.3,23957,16.0406,"['Action', 'Adventure', 'Science Fiction']"
102382,The Amazing Spider-Man 2,2014-04-16,200000000,708962323,141,6.524,13891,18.2913,"['Action', 'Adventure', 'Science Fiction']"
103663,The Hunt,2012-06-13,3800000,18300000,116,8.1,4558,6.5219,['Drama']
106646,The Wolf of Wall Street,2013-12-25,100000000,407038432,180,8.025,25307,18.9061,"['Crime', 'Drama', 'Comedy']"
109445,Frozen,2013-11-20,150000000,1274219009,102,7.249,17236,20.0031,"['Animation', 'Family', 'Adventure', 'Fantasy']"
110416,Song of the Sea,2014-06-23,0,857522,94,8.001,1524,4.1684,"['Family', 'Animation', 'Fantasy']"
110420,Wolf Children,2012-07-21,0,55262158,117,8.217,2405,4.0407,"['Animation', 'Family', 'Drama', 'Fantasy']"
116785,Semi-Soet,2012-02-17,0,0,107,5.1,11,19.0339,['Romance']
118340,Guardians of the Galaxy,2014-07-30,170000000,772776600,121,7.9,29137,7.6535,"['Action', 'Science Fiction', 'Adventure']"
120467,The Grand Budapest Hotel,2014-02-26,30000000,174600318,100,8.033,15607,9.3177,"['Comedy', 'Drama']"
122906,About Time,2013-09-04,12000000,87100449,123,7.909,8998,11.0645,"['Drama', 'Romance', 'Fantasy']"
122917,The Hobbit: The Battle of the Five Armies,2014-12-10,250000000,956019788,144,7.331,14979,27.0395,"['Action', 'Adventure', 'Fantasy']"
133919,Scenes from a Marriage,1974-09-15,150000,0,169,8.052,391,1.6689,"['Drama', 'Romance']"
140420,Paperman,2012-11-02,0,0,7,7.997,1763,2.8256,"['Animation', 'Family', 'Romance']"
142061,"Batman: The Dark Knight Returns, Part 2",2013-01-03,3500000,0,78,7.922,1561,1.9864,"['Science Fiction', 'Action', 'Animation', 'Mystery', 'Crime', 'Drama']"
145018,Christmas Miracle,2012-10-12,4000000,0,92,5.8,19,14.1892,['Family']
146233,Prisoners,2013-09-19,46000000,122126687,153,8.101,12635,10.4925,"['Drama', 'Thriller', 'Crime']"
149871,The Tale of The Princess Kaguya,2013-11-23,49300000,24366656,137,8.09,1916,3.6627,"['Animation', 'Drama', 'Fantasy']"
150540,Inside Out,2015-06-17,175000000,857611174,95,7.91,23019,16.7047,"['Animation', 'Family', 'Adventure', 'Drama', 'Comedy']"
150689,Cinderella,2015-03-06,95000000,543514353,105,6.8,7284,16.0242,"['Romance', 'Fantasy', 'Family', 'Drama']"
152532,Dallas Buyers Club,2013-11-01,5000000,55736588,117,7.918,8845,4.2801,"['Drama', 'History']"
152760,The Monuments Men,2014-01-24,70000000,154984035,118,6.064,3733,12.731,"['War', 'Drama', 'History', 'Action']"
157336,Interstellar,2014-11-05,165000000,746606706,169,8.465,38485,40.6206,"['Adventure', 'Drama', 'Science Fiction']"
158445,Miracle in Cell No. 7,2013-01-23,0,80300000,127,7.877,477,4.6701,"['Drama', 'Comedy']"
159824,Hotel Transylvania 2,2015-09-21,80000000,473200000,89,6.8,5997,13.2294,"['Animation', 'Comedy', 'Family', 'Fantasy']"
160885,Tel chi el telùn,1999-05-12,0,0,120,7.925,333,0.4458,['Comedy']
166428,How to Train Your Dragon: The Hidden World,2019-01-03,129000000,539987993,104,7.75,6893,14.0905,"['Animation', 'Family', 'Adventure']"
177572,Big Hero 6,2014-10-24,165000000,657870525,102,7.726,16240,14.1644,"['Adventure', 'Family', 'Animation', 'Action', 'Comedy']"
180147,We Are the Nobles,2013-03-28,2000000,26433651,108,7.923,525,2.413,['Comedy']
183011,Justice League: The Flashpoint Paradox,2013-07-30,3500000,0,81,7.9,1930,2.0469,"['Animation', 'Science Fiction', 'Adventure', 'Action', 'Fantasy']"
198663,The Maze Runner,2014-09-10,34000000,348319861,113,7.2,17756,19.3315,"['Action', 'Mystery', 'Science Fiction', 'Thriller']"
203101,High School of the Dead: Drifters of the Dead,2011-04-25,0,0,18,7.4,474,20.0937,"['Comedy', 'Animation', 'Adventure', 'Horror']"
205596,The Imitation Game,2014-11-14,14000000,233555708,113,7.989,17710,11.6338,"['History', 'Drama', 'Thriller', 'War']"
210577,Gone Girl,2014-10-01,61000000,370890259,149,7.889,19501,13.8625,"['Mystery', 'Thriller', 'Drama']"
216015,Fifty Shades of Grey,2015-02-11,40000000,569651467,125,5.877,12198,14.4531,"['Drama', 'Romance', 'Thriller']"
216527,Avatar 4,2029-12-19,500000000,0,0,0.0,0,14.2403,"['Science Fiction', 'Adventure', 'Fantasy']"
228150,Fury,2014-10-15,68000000,211817906,135,7.541,12625,15.7771,"['War', 'Drama', 'Action']"
237791,The Way He Looks,2014-04-10,0,1207841,96,7.945,968,1.2301,"['Drama', 'Romance']"
242828,When Marnie Was There,2014-07-19,0,34949567,103,7.934,1900,3.5155,"['Animation', 'Drama', 'Family', 'Mystery']"
244786,Whiplash,2014-10-10,3300000,50307484,107,8.4,16153,15.4014,"['Drama', 'Music']"
244998,Senario XX,2005-05-19,0,0,93,0.0,0,14.897,"['Comedy', 'Adventure', 'Action']"
250754,Woman Temptation,1982-01-01,0,0,80,5.4,5,14.499,['Drama']
255709,Hope,2013-10-02,0,0,122,8.397,813,3.2215,['Drama']
260514,Cars 3,2017-06-15,175000000,383925276,102,6.853,6226,19.6681,"['Animation', 'Adventure', 'Comedy', 'Family']"
264644,Room,2015-10-16,13000000,35401758,118,7.998,9509,3.8801,"['Drama', 'Thriller']"
265177,Mommy,2014-09-19,4900000,3494070,138,8.2,2801,4.9117,['Drama']
265195,Wild Tales,2014-08-21,4000000,31478893,122,7.869,3617,4.9061,"['Drama', 'Thriller', 'Comedy']"
267860,London Has Fallen,2016-03-02,60000000,205754447,99,6.221,4975,15.9179,"['Action', 'Thriller']"
269149,Zootopia,2016-02-11,150000000,1025521689,109,7.757,17401,69.5806,"['Animation', 'Adventure', 'Family', 'Comedy']"
281338,War for the Planet of the Apes,2017-07-11,150000000,490719763,140,7.214,9485,21.8271,"['Drama', 'Science Fiction', 'War']"
282848,Doctor Who: The Time of the Doctor,2013-12-25,0,0,60,8.086,304,0.7233,"['Drama', 'Science Fiction', 'TV Movie']"
283566,Evangelion: 3.0+1.0 Thrice Upon a Time,2021-03-08,29700000,93882453,155,8.201,896,5.3379,"['Animation', 'Action', 'Science Fiction', 'Drama']"
287959,Bohe: Sons Of The Waves,2012-07-21,0,0,0,0.0,0,15.7875,['Drama']
290098,The Handmaiden,2016-06-01,8575000,38600000,145,8.194,4127,15.3101,"['Thriller', 'Drama', 'Romance']"
291805,Now You See Me 2,2016-06-02,120000000,334897606,129,6.83,11277,17.8136,"['Thriller', 'Crime']"
293660,Deadpool,2016-02-09,58000000,782837347,108,7.623,32185,14.6967,"['Action', 'Adventure', 'Comedy']"
294086,Tiger Orange,2014-07-26,0,0,75,5.0,25,13.9029,['Drama']
296096,Me Before You,2016-06-01,20000000,207945075,110,7.924,12948,15.8196,"['Drama', 'Romance']"
299534,Avengers: Endgame,2019-04-24,356000000,2799439100,181,8.237,27057,25.4347,"['Adventure', 'Science Fiction', 'Action']"
299536,Avengers: Infinity War,2018-04-25,300000000,2052415039,149,8.235,31270,29.0361,"['Adventure', 'Action', 'Science Fiction']"
310569,The Second Mother,2015-06-04,0,0,112,8.0,763,0.7377,['Drama']
313106,Doctor Who: The Day of the Doctor,2013-11-23,0,10000000,77,8.19,764,1.1853,"['Science Fiction', 'Adventure']"
313369,La La Land,2016-12-01,30000000,509183536,129,7.898,17703,11.3703,"['Comedy', 'Drama', 'Romance']"
315162,Puss in Boots: The Last Wish,2022-12-07,90000000,484700000,103,8.207,8546,16.0348,"['Animation', 'Adventure', 'Fantasy', 'Comedy', 'Family']"
315465,The Boy and the Beast,2015-07-11,0,49714378,119,7.933,1555,3.0561,"['Action', 'Adventure', 'Animation', 'Drama', 'Family', 'Fantasy']"
315635,Spider-Man: Homecoming,2017-07-05,175000000,880166924,133,7.33,22706,16.3882,"['Action', 'Adventure', 'Science Fiction']"
316029,The Greatest Showman,2017-12-20,84000000,459066134,105,7.868,9839,9.4162,['Drama']
324786,Hacksaw Ridge,2016-10-07,40000000,175302354,139,8.192,14489,12.2062,"['Drama', 'History', 'War']"
324857,Spider-Man: Into the Spider-Verse,2018-12-06,90000000,393602435,117,8.395,16703,16.09,"['Animation', 'Action', 'Adventure', 'Science Fiction']"
330457,Frozen II,2019-11-20,150000000,1453683476,103,7.24,10102,15.6636,"['Family', 'Animation', 'Adventure', 'Comedy', 'Fantasy']"
331482,Little Women,2019-12-25,40000000,332103783,135,7.859,6642,9.9924,"['Drama', 'Romance', 'History']"
334533,Captain Fantastic,2016-07-08,5000000,23123592,118,7.891,6674,4.7892,"['Adventure', 'Drama']"
334543,Lion,2016-11-24,12000000,140312928,118,8.042,6819,3.6926,['Drama']
337404,Cruella,2021-05-26,200000000,233503234,134,7.981,9829,11.1579,"['Comedy', 'Crime', 'Adventure']"
338969,The Toxic Avenger Unrated,2025-08-28,0,3328938,102,6.077,233,18.9021,"['Action', 'Comedy', 'Science Fiction']"
339877,Loving Vincent,2017-06-22,5500000,42187665,95,7.99,2549,4.7898,"['Animation', 'Drama', 'Mystery', 'History']"
346364,It,2017-09-06,35000000,719766009,135,7.239,19942,40.9164,"['Horror', 'Thriller']"
347688,Scooby-Doo! and KISS: Rock and Roll Mystery,2015-07-09,0,0,79,8.013,335,0.9412,"['Family', 'Animation', 'Comedy', 'Mystery']"
348893,Boyka: Undisputed IV,2016-08-01,0,413334,87,7.176,1415,13.5834,"['Action', 'Drama', 'Thriller']"
354857,Regular Show: The Movie,2015-09-01,3000000,0,69,7.891,411,2.8424,"['Animation', 'Comedy', 'Science Fiction', 'Adventure', 'Action', 'Family', 'Fantasy']"
354912,Coco,2017-10-27,175000000,814641172,105,8.2,20514,15.56,"['Family', 'Animation', 'Music', 'Adventure']"
359724,Ford v Ferrari,2019-11-13,97600000,225508210,153,8.006,8653,9.3286,"['Drama', 'Action', 'History']"
359940,"Three Billboards Outside Ebbing, Missouri",2017-12-01,15000000,162729321,115,8.062,10612,4.5039,"['Crime', 'Drama']"
360814,Dangal,2016-12-21,10400000,311000000,161,7.887,1091,4.6673,"['Drama', 'Family', 'Comedy']"
361743,Top Gun: Maverick,2022-05-21,170000000,1488732821,131,8.16,10436,19.8323,"['Action', 'Drama']"
369557,Sing Street,2016-03-11,4000000,13624522,105,7.859,2396,1.716,"['Romance', 'Drama', 'Music', 'Comedy']"
372058,Your Name.,2016-08-26,0,358000000,106,8.479,12183,21.3894,"['Animation', 'Romance', 'Drama']"
372754,Dou kyu sei – Classmates,2016-02-20,0,1397526,61,8.3,420,1.7048,"['Romance', 'Animation']"
378064,A Silent Voice: The Movie,2016-09-17,0,30819442,129,8.385,4299,8.6435,"['Animation', 'Drama', 'Romance']"
378108,In This Corner of the World,2016-11-12,0,19496308,130,7.91,607,2.3013,"['Drama', 'Animation', 'Romance', 'War', 'History']"
381284,Hidden Figures,2016-12-10,25000000,235957472,127,8.05,10200,7.0207,"['Drama', 'History']"
385687,Fast X,2023-05-17,340000000,704709660,142,7.009,6136,26.5801,"['Action', 'Crime', 'Thriller']"
396535,Train to Busan,2016-07-20,8500000,87547518,118,7.747,8089,14.9956,"['Horror', 'Thriller', 'Action', 'Adventure']"
397567,Along with the Gods: The Two Worlds,2017-12-20,18300000,125983972,139,8.032,1139,4.66,"['Action', 'Adventure', 'Drama', 'Fantasy', 'Thriller']"
398818,Call Me by Your Name,2017-07-28,3500000,43143046,132,8.1,12528,15.4059,"['Romance', 'Drama']"
399106,Piper,2016-06-16,0,0,6,8.152,1697,4.8077,"['Family', 'Animation']"
400608,Bo Burnham: Make Happy,2016-06-03,0,0,60,8.007,416,0.6315,"['Comedy', 'Music']"
400928,Gifted,2017-04-07,7000000,40300000,101,8.0,5818,6.4473,"['Drama', 'Comedy']"
402431,Wicked,2024-10-16,150000000,758737211,162,6.9,2737,30.7336,"['Drama', 'Romance', 'Fantasy']"
404378,A Street Cat Named Bob,2016-11-04,8000000,17900000,103,7.895,1519,2.908,"['Family', 'Drama']"
406997,Wonder,2017-11-13,20000000,315025930,113,8.111,8122,6.4163,"['Family', 'Drama']"
411088,The Invisible Guest,2017-01-06,4000000,30000000,107,8.084,4825,6.6168,"['Drama', 'Mystery', 'Thriller']"
414419,Kill Bill: The Whole Bloody Affair,2011-03-27,55000000,5806312,247,8.023,1125,6.4826,"['Action', 'Crime']"
414906,The Batman,2022-03-01,185000000,772319315,177,7.66,11455,15.5755,"['Crime', 'Mystery', 'Thriller']"
424694,Bohemian Rhapsody,2018-10-24,52000000,910813521,135,7.963,17452,9.1196,"['Music', 'Drama']"
425274,Now You See Me: Now You Don't,2025-11-12,90000000,214474974,112,6.567,721,202.0756,"['Thriller', 'Crime', 'Mystery']"
426618,Where Hands Touch,2018-09-14,0,128269,122,7.886,531,2.438,"['War', 'Drama', 'Romance']"
429210,Bingo: The King of the Mornings,2017-08-24,0,0,113,8.0,402,0.6134,"['Comedy', 'Drama']"
429617,Spider-Man: Far From Home,2019-06-28,160000000,1131927996,129,7.399,16544,16.8319,"['Action', 'Adventure', 'Science Fiction']"
436969,The Suicide Squad,2021-07-28,185000000,168717425,132,7.476,9285,13.4128,"['Action', 'Comedy', 'Adventure']"
437068,A Taxi Driver,2017-08-02,12820005,81927980,138,8.039,1098,4.5666,"['Action', 'Drama', 'History']"
438631,Dune,2021-09-15,165000000,410668500,155,7.776,14247,21.9629,"['Science Fiction', 'Adventure']"
441130,Wolfwalkers,2020-10-26,12000000,1310720,102,8.197,1320,5.8209,"['Animation', 'Family', 'Adventure', 'Fantasy']"
447273,Snow White,2025-03-19,270000000,205679463,109,4.299,1480,15.4221,"['Family', 'Fantasy']"
447362,Life in a Year,2020-11-27,0,0,107,8.24,1949,2.9778,"['Drama', 'Romance']"
447365,Guardians of the Galaxy Vol. 3,2023-05-03,250000000,845550000,150,7.932,7862,14.7507,"['Science Fiction', 'Adventure', 'Action']"
449176,"Love, Simon",2018-02-16,17000000,66316289,110,7.983,6178,2.4151,"['Comedy', 'Drama', 'Romance']"
455661,In a Heartbeat,2017-06-01,0,0,4,7.984,1012,2.0866,"['Animation', 'Romance', 'Comedy']"
455714,Bad Genius,2017-05-03,1839169,42350000,130,7.866,826,2.4291,"['Drama', 'Crime', 'Thriller', 'Comedy']"
458220,Palmer,2021-01-28,0,0,110,8.137,1842,7.4746,['Drama']
458302,"Remi, Nobody's Boy",2018-12-12,0,7434840,109,7.881,450,2.8751,"['Adventure', 'Family', 'Drama']"
468210,Sweet Country,2018-01-25,0,0,113,6.6,201,33.1937,"['Western', 'Crime', 'Thriller', 'Drama']"
470044,The Hate U Give,2018-10-19,23000000,34934009,133,8.087,2193,2.1998,"['Crime', 'Drama']"
472454,Ayla: The Daughter of War,2017-10-27,4200000,21107423,124,8.014,381,6.0686,"['Drama', 'War', 'History']"
475557,Joker,2019-10-01,55000000,1078958629,122,8.129,27105,14.8389,"['Crime', 'Thriller', 'Drama']"
476292,Maquia: When the Promised Flower Blooms,2018-02-24,0,4345395,115,8.2,680,2.9835,"['Animation', 'Fantasy', 'Drama', 'Adventure']"
482321,Ron's Gone Wrong,2021-10-14,0,60692022,107,7.869,1964,3.6761,"['Animation', 'Science Fiction', 'Family', 'Comedy']"
488623,Forgotten,2017-11-29,0,9968972,108,7.892,1257,4.0606,"['Thriller', 'Mystery', 'Crime']"
489412,It's Such a Beautiful Day,2012-08-24,0,0,62,7.9,359,1.2332,"['Animation', 'Comedy']"
490132,Green Book,2018-11-16,23000000,321752656,130,8.224,12459,12.2208,"['Drama', 'Comedy', 'History']"
491480,The Boy Who Harnessed the Wind,2019-02-14,0,0,113,7.885,1799,3.7781,"['Drama', 'History']"
496243,Parasite,2019-05-30,11363000,257591776,133,8.495,19866,22.9303,"['Comedy', 'Thriller', 'Drama']"
497698,Black Widow,2021-07-07,200000000,379751131,134,7.2,10922,20.4488,"['Action', 'Adventure', 'Science Fiction']"
501929,The Mitchells vs. the Machines,2021-04-22,75000000,0,110,7.861,3196,4.8889,"['Animation', 'Adventure', 'Comedy']"
502356,The Super Mario Bros. Movie,2023-04-05,100000000,1362000000,93,7.6,10148,19.5849,"['Family', 'Comedy', 'Adventure', 'Animation', 'Fantasy']"
503314,Dragon Ball Super: Broly,2018-12-14,1000000,125002821,101,7.9,3057,1.4863,"['Action', 'Science Fiction', 'Animation']"
504253,I Want to Eat Your Pancreas,2018-09-01,0,33748006,108,8.241,1701,5.5932,"['Animation', 'Drama', 'Romance']"
505262,My Hero Academia: Two Heroes,2018-08-03,12000000,27507549,96,7.887,1076,3.9,"['Animation', 'Action', 'Adventure', 'Fantasy']"
507089,Five Nights at Freddy's,2023-10-25,20000000,297242145,110,7.366,4779,36.6612,"['Horror', 'Thriller']"
507244,Afterburn,2025-08-20,60000000,184758,105,6.682,151,16.4721,"['Science Fiction', 'Action', 'Comedy']"
508442,Soul,2020-12-25,150000000,121977511,101,8.101,11087,11.3717,"['Animation', 'Family', 'Comedy', 'Fantasy', 'Drama']"
508965,Klaus,2019-11-08,0,0,97,8.227,4485,15.7119,"['Animation', 'Family', 'Adventure', 'Comedy', 'Fantasy']"
515001,Jojo Rabbit,2019-10-18,14000000,82468705,108,7.995,10103,5.9121,"['Comedy', 'War', 'Drama']"
517814,Capernaum,2018-09-20,4000000,64978931,126,8.144,1890,3.2273,['Drama']
518068,Along with the Gods: The Last 49 Days,2018-08-01,18300000,112790210,141,8.041,719,5.053,"['Action', 'Adventure', 'Fantasy', 'Thriller']"
519182,Despicable Me 4,2024-06-20,100000000,969597394,94,7.003,3011,23.0712,"['Family', 'Comedy', 'Animation', 'Science Fiction']"
519465,Queen of Hearts,2019-03-27,19000000,0,127,6.875,351,15.5394,['Drama']
522212,Just Mercy,2019-12-25,25000000,50401502,137,7.858,2419,2.1415,"['Drama', 'Crime', 'History']"
522518,A Dog's Journey,2019-05-03,16000000,78871079,109,8.053,1587,3.5722,"['Family', 'Adventure', 'Drama']"
522924,The Art of Racing in the Rain,2019-08-08,18000000,33800000,109,8.185,1612,4.2282,"['Drama', 'Romance']"
524434,Eternals,2021-11-03,200000000,402064899,156,6.788,8876,12.402,"['Science Fiction', 'Action', 'Adventure']"
526702,Black Beauty,2020-11-27,0,0,110,7.996,350,7.5721,['Drama']
527435,The Christmas Chronicles,2025-12-10,0,0,104,7.788,33,16.0853,"['Comedy', 'Adventure', 'Family', 'Fantasy']"
527641,Five Feet Apart,2019-03-14,7000000,92600000,116,8.221,5835,5.5926,"['Romance', 'Drama']"
530915,1917,2019-12-25,100000000,446064352,119,7.984,13166,7.9389,"['War', 'History', 'Drama', 'Action']"
531428,Portrait of a Lady on Fire,2019-09-18,5740000,9923127,121,8.107,2826,5.2174,"['Drama', 'Romance', 'History']"
532067,KONOSUBA – God's blessing on this wonderful world! Legend of Crimson,2019-08-30,0,5078942,90,8.049,596,3.5209,"['Animation', 'Adventure', 'Comedy', 'Fantasy']"
533514,Violet Evergarden: The Movie,2020-09-18,0,20339624,140,8.294,473,3.4441,"['Animation', 'Fantasy', 'Romance', 'Drama']"
533533,TRON: Ares,2025-10-08,220000000,142073994,119,6.6,853,107.6436,"['Science Fiction', 'Adventure', 'Action']"
533535,Deadpool & Wolverine,2024-07-24,200000000,1338073645,128,7.566,8082,27.1729,"['Action', 'Comedy', 'Science Fiction']"
537061,Steven Universe: The Movie,2019-10-07,0,0,83,8.164,835,4.5364,"['TV Movie', 'Adventure', 'Animation', 'Fantasy', 'Music', 'Science Fiction']"
538362,On My Skin,2018-09-12,0,0,100,8.023,1875,0.5696,['Drama']
539972,Kraven the Hunter,2024-12-11,130000000,62076533,127,6.454,2150,17.8333,"['Action', 'Adventure', 'Thriller']"
541671,Ballerina,2025-06-04,90000000,137258395,125,7.308,2126,31.9727,"['Action', 'Thriller', 'Crime']"
546554,Knives Out,2019-11-27,40000000,312897920,131,7.844,13442,24.5998,"['Comedy', 'Crime', 'Mystery']"
550776,Believe Me: The Abduction of Lisa McVey,2018-09-30,0,0,87,8.035,669,3.039,"['Drama', 'TV Movie', 'Crime']"
552524,Lilo & Stitch,2025-05-17,100000000,1038027526,108,7.244,1921,30.1411,"['Family', 'Science Fiction', 'Comedy']"
554596,"No manches, Frida 2: paraíso destruido",2019-03-15,5000000,26500000,102,7.891,930,2.6634,['Comedy']
555604,Guillermo del Toro's Pinocchio,2022-11-09,35000000,0,117,8.039,3204,5.0706,"['Animation', 'Fantasy', 'Adventure', 'Drama']"
566525,Shang-Chi and the Legend of the Ten Rings,2021-09-01,150000000,432243292,132,7.504,10088,15.0901,"['Action', 'Adventure', 'Fantasy']"
568124,Encanto,2021-10-13,150000000,261292688,102,7.577,9972,15.06,"['Animation', 'Comedy', 'Family', 'Fantasy']"
568160,Weathering with You,2019-07-19,0,186965409,112,7.993,2520,5.124,"['Animation', 'Drama', 'Fantasy', 'Romance']"
568332,Taylor Swift: Reputation Stadium Tour,2018-12-31,0,0,125,8.233,417,0.8534,['Music']
569094,Spider-Man: Across the Spider-Verse,2023-05-31,100000000,690897910,140,8.338,8124,27.7504,"['Animation', 'Action', 'Adventure', 'Science Fiction']"
571468,Freaks Out,2021-10-28,12000000,3279079,141,7.3,937,39.1026,"['Adventure', 'Fantasy', 'Drama']"
572154,Rascal Does Not Dream of a Dreaming Girl,2019-06-15,0,0,90,8.245,570,2.4276,"['Animation', 'Romance', 'Drama', 'Fantasy']"
573164,An Egg Rescue,2021-08-12,6400000,4093345,89,7.9,415,1.3772,"['Animation', 'Comedy', 'Adventure', 'Family']"
573435,Bad Boys: Ride or Die,2024-06-05,100000000,404547819,115,7.344,3154,15.1387,"['Action', 'Comedy', 'Crime', 'Thriller', 'Adventure']"
574074,Kitbull,2019-01-18,0,0,9,7.946,389,3.4517,"['Animation', 'Family', 'Drama']"
574475,Final Destination Bloodlines,2025-05-14,50000000,315630814,110,7.101,2492,28.0884,"['Horror', 'Mystery']"
575264,Mission: Impossible - Dead Reckoning Part One,2023-07-08,291000000,571125435,164,7.516,4798,14.7509,"['Action', 'Thriller', 'Adventure']"
575265,Mission: Impossible - The Final Reckoning,2025-05-17,400000000,598767057,170,7.235,2296,62.0396,"['Action', 'Thriller', 'Adventure']"
575813,Better Days,2019-10-25,0,225879065,135,8.114,520,2.4658,"['Drama', 'Crime', 'Romance']"
582927,I'm No Longer Here,2019-10-21,849080,0,112,7.884,513,1.2619,['Drama']
592350,My Hero Academia: Heroes Rising,2019-12-20,0,30017163,104,8.146,1240,8.5807,"['Animation', 'Action', 'Fantasy', 'Adventure']"
600354,The Father,2020-12-23,6000000,21029340,97,8.099,3490,4.517,['Drama']
604079,The Long Walk,2025-09-10,20000000,62871590,108,6.9,972,25.4542,"['Science Fiction', 'Thriller', 'Horror']"
606856,Togo,2019-12-20,0,0,113,8.138,2171,6.1886,"['Adventure', 'Family']"
609681,The Marvels,2023-11-08,274800000,206136825,105,5.957,3192,18.15,"['Science Fiction', 'Adventure', 'Action']"
610150,Dragon Ball Super: Super Hero,2022-06-11,0,86600000,100,7.9,2967,5.4785,"['Animation', 'Science Fiction', 'Action']"
610461,"Veinteañera, divorciada y fantástica",2020-02-14,0,0,93,8.0,390,1.5284,['Comedy']
610892,Violet Evergarden: Eternity and the Auto Memory Doll,2019-09-06,0,10841702,91,8.1,428,2.9658,"['Drama', 'Fantasy', 'Animation']"
615453,Ne Zha,2019-07-26,22000000,742718496,110,7.882,761,20.0976,"['Animation', 'Fantasy', 'Adventure']"
615457,Nobody,2021-03-18,16000000,57512470,91,7.898,7950,11.4734,"['Action', 'Thriller']"
617126,The Fantastic 4: First Steps,2025-07-23,200000000,521858728,115,7.005,2729,56.2631,"['Science Fiction', 'Adventure', 'Action']"
618344,Justice League Dark: Apokolips War,2020-05-05,0,0,90,8.21,1530,2.1033,"['Animation', 'Action', 'Adventure', 'Fantasy']"
620249,The Legend of Hei,2019-08-27,0,48045728,102,8.319,429,5.0611,"['Animation', 'Fantasy', 'Action']"
620683,My Mom Is a Character 3,2019-12-26,2000000,39273021,111,8.182,491,0.6013,['Comedy']
626332,Flamin' Hot,2023-03-11,0,0,99,7.961,782,5.7191,"['Drama', 'History']"
628847,Trap House,2025-11-14,0,0,102,6.5,32,30.4969,"['Action', 'Crime', 'Thriller']"
630566,Clouds,2020-10-09,0,0,121,8.2,1039,3.3937,"['Music', 'Drama', 'Romance']"
632632,Given,2020-08-22,0,930363,60,8.3,410,1.7223,"['Animation', 'Drama', 'Music', 'Romance']"
634649,Spider-Man: No Way Home,2021-12-15,200000000,1921847111,148,7.936,21391,23.7405,"['Action', 'Adventure', 'Science Fiction']"
635302,Demon Slayer -Kimetsu no Yaiba- The Movie: Mugen Train,2020-10-16,15700000,523542183,117,8.208,4350,11.6276,"['Animation', 'Action', 'Fantasy']"
637649,Wrath of Man,2021-04-22,40000000,103966489,119,7.588,5857,16.6198,"['Thriller', 'Crime', 'Drama']"
637920,Miracle in Cell No. 7,2019-10-10,0,28000000,132,8.255,4507,5.9951,['Drama']
638507,How to Train Your Dragon: Homecoming,2019-12-03,0,0,22,8.0,1073,4.5518,"['Animation', 'Fantasy', 'Adventure', 'Family']"
639988,No Other Choice,2025-09-24,12200000,20072255,139,7.56,133,39.64,"['Crime', 'Thriller', 'Drama', 'Comedy']"
640344,Me Against You: Mr. S's Vendetta,2020-01-17,75000,9500000,64,8.0,469,0.2975,"['Family', 'Fantasy']"
644479,Dedicated to my ex,2019-11-01,0,1315376,94,8.3,513,0.5059,"['Drama', 'Comedy']"
652306,The Appointment,2020-07-17,0,0,19,0.0,0,27.5406,['Thriller']
652837,"Josee, the Tiger and the Fish",2020-12-25,0,0,98,8.292,553,2.9684,"['Animation', 'Drama', 'Romance']"
654299,Out of the Clear Blue Sky,2019-12-24,0,0,112,8.242,372,0.8142,"['Comedy', 'Drama', 'Music']"
661374,Glass Onion: A Knives Out Mystery,2022-11-23,40000000,15000000,140,7.034,6369,19.6448,"['Comedy', 'Crime', 'Mystery']"
663558,New Gods: Nezha Reborn,2021-02-06,0,70000000,117,8.063,496,5.8015,"['Animation', 'Fantasy', 'Action']"
664767,Mortal Kombat Legends: Scorpion's Revenge,2020-04-12,0,0,80,8.092,1429,3.2243,"['Animation', 'Action', 'Fantasy']"
667257,Impossible Things,2021-06-17,0,0,88,8.425,418,5.3392,"['Family', 'Drama']"
667520,A Whisker Away,2020-06-18,0,0,104,7.9,1458,4.1351,"['Animation', 'Drama', 'Romance', 'Fantasy']"
672515,Female Bank Teller: Rape Office,1985-10-12,0,0,62,2.25,4,27.6014,['Drama']
678512,Sound of Freedom,2023-07-03,14500000,250600000,131,7.971,2651,4.1699,"['Action', 'Drama']"
678580,El mesero,2021-07-15,0,0,86,7.989,356,3.6786,['Comedy']
693134,Dune: Part Two,2024-02-27,190000000,714844358,167,8.133,7330,19.8601,"['Science Fiction', 'Adventure']"
696374,Gabriel's Inferno,2020-05-29,0,0,122,8.4,2438,3.8467,"['Romance', 'Drama']"
696506,Mickey 17,2025-02-28,118000000,133347147,137,6.8,3068,19.889,"['Science Fiction', 'Comedy', 'Adventure']"
698687,Transformers One,2024-09-11,75000000,129408392,104,8.024,1469,10.3248,"['Animation', 'Science Fiction', 'Adventure', 'Family']"
698948,Thirteen Lives,2022-07-18,55000000,0,147,7.859,1418,3.1412,"['Drama', 'Thriller']"
701387,Bugonia,2025-10-23,50000000,40293453,119,7.41,992,60.2583,"['Science Fiction', 'Crime']"
718838,Mothering Sunday,2021-11-12,0,2260859,104,5.393,122,18.8705,"['Romance', 'Drama']"
724089,Gabriel's Inferno: Part II,2020-07-31,0,0,106,8.4,1534,1.2247,"['Romance', 'Drama']"
726684,Miraculous World: Shanghai - The Legend of Ladydragon,2021-05-15,0,0,54,7.947,674,2.2753,"['Animation', 'Fantasy', 'Action', 'TV Movie']"
740937,Simone: Woman of the Century,2022-10-12,0,0,140,7.883,372,0.438,"['Drama', 'History']"
748783,The Garfield Movie,2024-04-30,60000000,254907482,101,7.024,1374,16.8379,"['Family', 'Comedy', 'Adventure', 'Animation']"
749170,Heads of State,2025-06-24,100,0,117,6.86,894,18.0061,"['Action', 'Thriller', 'Comedy']"
755679,Fast X: Part 2,,0,0,0,0.0,0,22.1354,"['Action', 'Crime', 'Thriller']"
755812,"Miraculous World: New York, United HeroeZ",2020-09-25,0,0,61,8.091,1119,2.4444,"['Animation', 'TV Movie', 'Fantasy', 'Action']"
755898,War of the Worlds,2025-07-29,0,0,91,4.239,806,187.1955,"['Science Fiction', 'Thriller']"
756397,Hitpig!,2024-11-01,45000000,2345398,85,6.6,28,76.1031,"['Animation', 'Comedy', 'Adventure', 'Family']"
756999,The Black Phone,2022-06-16,16000000,161441914,103,7.542,5574,17.7879,"['Horror', 'Thriller']"
760329,The Smashing Machine,2025-10-01,50000000,21000000,123,6.561,327,15.2709,"['History', 'Drama']"
761053,Gabriel's Inferno: Part III,2020-11-19,0,0,102,8.36,1072,2.877,"['Romance', 'Drama']"
762509,Mufasa: The Lion King,2024-12-18,200000000,722631756,118,7.338,2478,17.386,"['Adventure', 'Family', 'Animation']"
762975,Purple Hearts,2022-07-29,0,0,122,8.056,2792,9.8974,"['Romance', 'Drama']"
766507,Prey,2022-08-02,65000000,0,100,7.672,7415,14.409,"['Thriller', 'Action', 'Science Fiction']"
770156,Lucy Shimmers and the Prince of Peace,2020-10-19,0,0,87,8.37,331,3.0875,"['Drama', 'Family']"
774531,Young Woman and the Sea,2024-05-31,40000000,581725,129,7.9,394,2.8696,"['History', 'Drama']"
776503,CODA,2021-08-13,10000000,1905058,112,7.902,2452,6.959,"['Drama', 'Music', 'Romance']"
785534,Paper Lives,2021-03-12,0,0,96,8.021,399,2.912,['Drama']
786892,Furiosa: A Mad Max Saga,2024-05-22,168000000,174287546,149,7.457,4574,16.6279,"['Action', 'Science Fiction', 'Adventure']"
791373,Zack Snyder's Justice League,2021-03-18,70000000,0,242,8.102,10534,10.8119,"['Action', 'Adventure', 'Fantasy']"
793387,Holy Night: Demon Hunters,2025-04-30,0,6500000,92,6.799,77,21.5807,"['Action', 'Fantasy', 'Horror', 'Thriller']"
795607,Green Snake,2021-07-23,0,87212911,132,8.111,346,2.6296,"['Animation', 'Fantasy', 'Action', 'Adventure']"
798645,The Running Man,2025-11-11,110000000,68615641,133,6.8,832,99.9233,"['Action', 'Thriller', 'Science Fiction']"
803796,KPop Demon Hunters,2025-06-20,100000000,24619953,96,8.2,2120,67.0719,"['Fantasy', 'Music', 'Comedy', 'Animation']"
810693,Jujutsu Kaisen 0,2021-12-24,0,195870885,105,8.116,1618,8.9582,"['Animation', 'Action', 'Fantasy']"
812225,Black Clover: Sword of the Wizard King,2023-06-16,0,0,113,8.129,342,5.3999,"['Animation', 'Fantasy', 'Action', 'Adventure']"
812583,Wake Up Dead Man: A Knives Out Mystery,2025-11-26,210000000,4000000,145,7.216,1391,110.3334,"['Thriller', 'Mystery', 'Comedy']"
820067,The Quintessential Quintuplets Movie,2022-05-20,0,17288993,136,8.322,427,2.6506,"['Animation', 'Comedy', 'Romance']"
823219,Flow,2024-08-29,3700000,17660107,85,8.1,2518,14.0086,"['Animation', 'Adventure', 'Fantasy', 'Family']"
823464,Godzilla x Kong: The New Empire,2024-03-27,150000000,571750016,115,7.069,4444,16.311,"['Action', 'Adventure', 'Science Fiction']"
823754,Bo Burnham: Inside,2021-07-22,0,0,88,8.012,570,1.6524,"['Comedy', 'Drama']"
829402,Ultraman: Rising,2024-06-14,0,0,117,8.176,357,2.6379,"['Animation', 'Science Fiction', 'Family', 'Action']"
829557,365 Days: This Day,2022-04-26,0,0,111,5.929,1800,18.7383,"['Romance', 'Drama']"
831827,Far from the Tree,2021-11-24,0,0,7,8.075,385,1.9834,"['Animation', 'Family']"
838240,Robot Dreams,2023-12-06,5300000,4656348,102,7.993,739,6.1831,"['Animation', 'Drama', 'Comedy', 'Science Fiction']"
840326,Sisu,2022-09-09,6600000,14281199,91,7.419,2608,24.6307,"['Action', 'War']"
848890,The Tomorrow War 2,,0,0,0,0.0,0,15.7058,"['Action', 'Science Fiction']"
851644,20th Century Girl,2022-10-06,119,0,119,8.142,778,9.6102,"['Romance', 'Drama']"
872585,Oppenheimer,2023-07-19,100000000,952000000,181,8.04,11117,21.3728,"['Drama', 'History']"
896096,The Mysterious Gaze of the Flamingo,2025-09-11,0,0,108,6.875,8,15.5405,['Drama']
906126,Society of the Snow,2023-12-15,65500000,1281,143,7.98,3345,4.7398,"['Drama', 'History']"
911430,F1,2025-06-25,250000000,631527111,156,7.794,2931,47.8417,"['Action', 'Drama']"
912649,Venom: The Last Dance,2024-10-22,120000000,478937618,109,6.674,3927,19.1504,"['Action', 'Science Fiction', 'Adventure']"
916224,Suzume,2022-11-11,0,323638107,122,7.899,1611,6.5701,"['Animation', 'Drama', 'Adventure', 'Fantasy']"
920394,My Father's Violin,2022-01-21,0,0,112,7.9,338,2.8962,"['Drama', 'Music']"
930094,"Red, White & Royal Blue",2023-07-27,0,0,118,7.941,1473,10.6978,"['Comedy', 'Romance']"
933260,The Substance,2024-09-07,17500000,76506196,141,7.143,5480,18.3403,"['Horror', 'Science Fiction', 'Thriller']"
940551,Migration,2023-12-06,72000000,298776052,83,7.4,2151,14.4932,"['Family', 'Comedy', 'Adventure', 'Animation']"
941109,Play Dirty,2025-09-30,2500000,0,125,6.6,523,16.3348,['Crime']
944401,Dogman,2023-09-27,0,4082217,115,7.863,1304,4.8836,"['Action', 'Drama', 'Crime']"
945961,Alien: Romulus,2024-08-13,80000000,350865342,119,7.176,4164,15.2451,"['Horror', 'Science Fiction']"
949709,High Forces,2024-09-29,0,41923655,115,5.933,30,25.9712,"['Action', 'Crime']"
950396,The Gorge,2025-02-13,70000000,0,128,7.65,3265,22.1036,"['Romance', 'Science Fiction', 'Thriller']"
957119,Sidelined: The QB and Me,2025-02-06,0,2,99,6.154,123,22.6744,"['Comedy', 'Romance']"
961323,Nimona,2023-06-23,0,0,99,7.867,1289,3.8187,"['Animation', 'Family', 'Action', 'Science Fiction', 'Adventure', 'Fantasy', 'Comedy']"
962232,Beyond the Universe,2022-10-26,0,0,126,7.978,338,2.5238,"['Romance', 'Drama', 'Music']"
967941,Wicked: For Good,2025-11-19,150000000,505922446,137,6.7,547,115.7315,"['Fantasy', 'Adventure', 'Romance']"
974635,Hit Man,2024-05-16,8800000,5101673,116,6.796,1482,13.624,"['Comedy', 'Romance', 'Crime']"
974663,200% Wolf,2024-07-04,0,4543,98,5.903,31,20.2131,"['Animation', 'Adventure', 'Fantasy', 'Family', 'Action', 'Comedy']"
980477,Ne Zha 2,2025-01-29,80000000,2215690000,144,8.101,531,58.3399,"['Animation', 'Fantasy', 'Adventure', 'Action']"
982843,The Great Flood,2025-09-18,0,0,109,6.113,360,237.4857,"['Science Fiction', 'Adventure', 'Drama']"
991494,The SpongeBob Movie: Search for SquarePants,2025-12-16,64000000,63906743,88,6.7,31,63.6161,"['Animation', 'Family', 'Comedy', 'Adventure']"
995133,"The Boy, the Mole, the Fox and the Horse",2022-12-25,0,0,35,8.211,681,3.1586,"['Animation', 'Family', 'Adventure', 'Fantasy']"
1000492,All Your Faces,2023-03-29,0,0,115,7.946,652,2.2403,['Drama']
1000837,I'm Still Here,2024-09-19,1480000,36109482,138,7.9,917,7.4276,"['Drama', 'History']"
1003596,Avengers: Doomsday,2026-12-16,0,0,0,0.0,0,30.3345,"['Science Fiction', 'Action', 'Adventure']"
1007734,Nobody 2,2025-08-13,25000000,41618135,89,7.025,1121,28.5266,"['Action', 'Thriller']"
1009640,Valiant One,2025-01-30,10000000,1236630,86,6.753,95,17.7282,"['War', 'Thriller', 'Action']"
1010581,My Fault,2023-06-08,0,0,117,7.764,3951,38.7176,"['Drama', 'Romance', 'Thriller']"
1010756,The Strangers: Chapter 2,2025-09-25,8000000,21921749,98,5.989,179,25.8812,"['Horror', 'Thriller']"
1011477,Karate Kid: Legends,2025-05-08,45000000,105456077,94,7.082,1040,18.8435,"['Action', 'Adventure', 'Drama']"
1011985,Kung Fu Panda 4,2024-03-02,80000000,548040835,94,7.021,3318,15.6152,"['Animation', 'Family', 'Action', 'Comedy', 'Adventure', 'Fantasy']"
1013446,Reflection in a Dead Diamond,2025-06-25,0,0,87,6.0,52,87.1206,"['Action', 'Thriller', 'Mystery']"
1015539,Santastein,2024-11-25,0,0,88,4.7,7,80.1406,"['Horror', 'Comedy', 'Fantasy']"
1026227,There's Still Tomorrow,2023-10-26,9000000,50121593,118,8.088,1469,1.9502,"['Drama', 'Comedy', 'History']"
1033148,Die My Love,2025-10-06,20000000,7421995,119,6.3,255,37.5042,['Drama']
1033462,Bureau 749,2024-10-01,0,51706251,123,6.221,68,67.6806,"['Action', 'Adventure', 'Science Fiction']"
1034541,Terrifier 3,2024-10-09,2000000,90322103,125,6.8,1845,13.818,"['Horror', 'Thriller']"
1035259,The Naked Gun,2025-07-30,42000000,102147396,85,6.443,1250,32.649,"['Action', 'Comedy', 'Crime']"
1038392,The Conjuring: Last Rites,2025-09-03,55000000,494653512,136,6.9,1514,35.2415,['Horror']
1042834,Eden,2025-04-03,50000000,1907486,129,6.726,477,28.7681,"['Thriller', 'Drama']"
1050035,Monster,2023-06-02,0,0,125,7.927,800,6.0049,"['Mystery', 'Thriller', 'Drama']"
1054867,One Battle After Another,2025-09-23,175000000,202818413,162,7.47,2142,92.0084,"['Thriller', 'Crime', 'Action']"
1058694,Radical,2023-10-19,10000000,21761164,126,8.35,484,2.6006,['Drama']
1061474,Superman,2025-07-09,225000000,616684465,130,7.4,4064,55.1039,"['Science Fiction', 'Adventure', 'Action']"
1062722,Frankenstein,2025-10-17,120000000,480678,150,7.7,2446,76.0495,"['Drama', 'Fantasy', 'Horror']"
1064486,Memoir of a Snail,2024-10-17,4350000,7,94,8.063,712,7.2902,"['Animation', 'Drama', 'Comedy']"
1071585,M3GAN 2.0,2025-06-25,15000000,39085942,120,7.352,1051,19.7149,"['Action', 'Science Fiction', 'Thriller']"
1072699,Inside Furioza,2025-10-14,0,0,166,6.662,77,14.119,"['Action', 'Crime', 'Thriller']"
1078605,Weapons,2025-08-04,38000000,265894217,129,7.307,2604,33.9267,"['Horror', 'Mystery']"
1081676,Forgotten Love,2023-09-26,0,0,140,7.856,330,3.3086,"['Drama', 'Romance']"
1083637,Kantara - A Legend: Chapter 1,2025-10-01,14000000,91000000,165,7.019,54,61.6845,"['Action', 'Drama', 'Fantasy']"
1084199,Companion,2025-01-22,10000000,36809101,97,7.0,1956,21.8911,"['Horror', 'Science Fiction', 'Thriller']"
1084242,Zootopia 2,2025-11-26,150000000,1464212160,107,7.65,871,371.4541,"['Animation', 'Comedy', 'Adventure', 'Family', 'Mystery']"
1084736,The Count of Monte Cristo,2024-06-28,46000000,75360860,178,7.941,1868,10.9592,"['Adventure', 'Action', 'Drama']"
1086260,The Astronaut,2025-09-26,0,0,90,5.771,118,13.0948,"['Science Fiction', 'Horror', 'Thriller']"
1086747,The Watchers,2024-06-06,30000000,51147812,102,6.366,1466,15.781,"['Fantasy', 'Horror', 'Mystery']"
1087192,How to Train Your Dragon,2025-06-06,150000000,636251264,125,8.0,2346,46.0401,"['Fantasy', 'Family', 'Action', 'Adventure']"
1097549,Babygirl,2024-12-25,20000000,60934894,115,5.714,1046,14.0882,"['Drama', 'Romance']"
1100988,28 Years Later,2025-06-18,60000000,151308832,115,6.6,1875,26.7146,"['Horror', 'Thriller', 'Science Fiction']"
1103437,Please Don't Feed the Children,2025-07-03,0,55438,94,6.5,43,76.2774,"['Horror', 'Thriller']"
1103621,How to Make Millions Before Grandma Dies,2024-04-04,1000000,73800000,126,8.134,333,5.3413,['Drama']
1106289,The Pickup,2025-07-27,0,0,94,6.429,418,19.4872,"['Action', 'Comedy', 'Crime']"
1107216,Pets on a Train,2025-07-02,0,3082436,87,6.9,29,15.7874,"['Animation', 'Comedy', 'Adventure', 'Thriller']"
1114967,Good Fortune,2025-10-14,30000000,26114174,97,7.1,362,13.2158,"['Comedy', 'Fantasy']"
1116465,A Legend,2024-07-05,0,11242056,129,6.9,131,46.9172,"['Action', 'Adventure', 'Fantasy']"
1119090,I Am Frankelda,2025-10-23,0,2709440,113,8.625,44,33.7188,"['Animation', 'Family', 'Fantasy', 'Horror']"
1124566,Sentimental Value,2025-08-20,7800000,6757440,133,7.589,230,24.678,['Drama']
1125257,Freakier Friday,2025-08-06,42000000,152889065,110,6.844,541,17.6319,"['Comedy', 'Fantasy', 'Family']"
1128650,The Prosecutor,2024-12-08,38500000,128093757,117,6.821,165,21.7833,"['Action', 'Drama', 'Crime', 'Thriller']"
1130276,Succubus,2024-10-06,0,0,103,8.8,211,24.7036,"['Horror', 'Thriller']"
1131759,Omniscient Reader: The Prophecy,2025-07-23,0,4500000,117,6.671,38,274.4064,"['Action', 'Adventure', 'Fantasy']"
1134463,Dreams,2025-07-10,0,0,95,5.583,18,21.8369,"['Drama', 'Romance']"
1135855,Kelas Bintang - Mangga Muda,2023-05-10,0,0,42,6.333,3,18.6985,"['Drama', 'Romance']"
1136867,Materialists,2025-06-12,20000000,105618726,116,6.5,948,13.4648,"['Romance', 'Drama']"
1137179,Yadang: The Snitch,2025-04-16,0,0,123,7.0,26,178.7019,"['Crime', 'Action', 'Comedy', 'Drama', 'Thriller']"
1139087,Once Upon a Studio,2023-09-24,0,0,9,8.3,410,3.4552,"['Animation', 'Family', 'Fantasy', 'Comedy']"
1144107,The Legend of Hei 2,2025-07-18,0,55353618,119,8.471,34,19.0518,"['Animation', 'Fantasy', 'Action']"
1147266,You Will Die in 6 Hours,2024-10-16,0,0,91,6.053,19,54.9016,"['Thriller', 'Mystery']"
1149167,High Rollers,2025-03-14,0,0,101,6.569,94,51.9734,"['Action', 'Crime', 'Thriller']"
1151031,Bring Her Back,2025-05-28,15000000,39123752,104,7.398,1279,22.325,['Horror']
1151766,Murderer Report,2025-09-05,0,0,108,6.917,18,20.6982,"['Drama', 'Thriller']"
1156593,Your Fault,2024-12-26,0,0,118,7.123,1482,16.5623,"['Drama', 'Romance']"
1156594,Our Fault,2025-10-15,0,0,112,7.409,577,25.0861,"['Romance', 'Drama']"
1160164,TAYLOR SWIFT | THE ERAS TOUR,2023-10-13,15000000,261656269,169,8.214,499,3.3509,['Music']
1161617,Code 3,2025-09-12,0,12140,100,6.805,151,17.2862,"['Action', 'Comedy']"
1162858,The Other,2025-04-26,0,0,99,5.611,45,41.321,"['Horror', 'Thriller']"
1166133,Bramayugam,2024-02-15,3300000,10000000,139,7.5,70,18.6868,"['Horror', 'Thriller', 'Drama']"
1167307,David,2025-12-14,60900000,49750130,109,7.4,8,25.9518,"['Animation', 'Family', 'Drama']"
1175174,Fackham Hall,2025-12-01,0,0,97,7.481,27,37.0025,"['Comedy', 'History']"
1175942,The Bad Guys 2,2025-07-24,80000000,239409929,104,7.72,588,26.7464,"['Family', 'Comedy', 'Crime', 'Adventure', 'Animation']"
1180831,Troll 2,2025-11-30,11200000,0,105,6.615,323,69.387,"['Action', 'Fantasy', 'Thriller']"
1184918,The Wild Robot,2024-09-12,78000000,331982078,102,8.3,5591,20.2922,"['Animation', 'Science Fiction', 'Family', 'Adventure', 'Drama']"
1186350,Marco,2024-12-20,3467000,11559000,145,6.6,92,17.1795,"['Action', 'Crime', 'Thriller']"
1186532,The Forge,2024-08-22,5000000,40392664,123,8.268,311,4.5323,"['Drama', 'Family']"
1192174,The Negotiator,2025-03-06,7324508,1061893,109,7.179,78,18.737,"['Drama', 'Thriller']"
1193115,Out of Control,2025-02-19,1700000,0,110,5.848,46,25.5326,"['Drama', 'Thriller']"
1194963,Noise,2025-06-25,0,12199988,95,6.294,34,63.1668,"['Horror', 'Thriller']"
1195518,The Unholy Trinity,2025-06-13,0,1000526,95,6.326,115,111.2454,"['Western', 'Adventure', 'Crime']"
1196067,Worldbreaker,2025-10-30,0,0,95,6.1,37,99.5947,"['Science Fiction', 'Action']"
1196573,She Rides Shotgun,2025-07-31,0,23443,120,7.054,185,24.6484,"['Action', 'Thriller', 'Crime']"
1197137,Black Phone 2,2025-10-15,30000000,132202742,114,6.8,768,40.6186,"['Horror', 'Thriller']"
1197306,A Working Man,2025-03-26,40000000,99068160,116,6.704,1697,32.2422,"['Action', 'Crime', 'Thriller']"
1206083,Conjuring Tapes,2025-04-10,0,0,79,4.182,11,109.1616,"['Horror', 'Mystery']"
1208561,Art of Eight Limbs,2024-08-16,101,0,101,6.4,37,20.2723,"['Action', 'Thriller']"
1214069,Palma 2,2025-03-20,0,0,0,6.1,4,14.6947,"['Drama', 'Family']"
1214140,Monster Island,2025-05-08,0,0,83,5.9,85,17.6646,"['Horror', 'Fantasy', 'Action', 'Thriller']"
1214484,Let Go,2024-11-01,0,0,110,7.863,353,3.2096,['Drama']
1214931,Nuremberg,2025-11-06,11800000,20757602,148,7.261,251,70.1847,"['History', 'Drama']"
1215106,Ko Ga Loak Village,2025-11-06,0,0,99,3.8,5,15.8743,"['Comedy', 'Horror']"
1217602,London Calling,2025-09-18,0,0,114,7.0,61,44.0902,"['Action', 'Crime', 'Comedy', 'Thriller']"
1218925,Chainsaw Man - The Movie: Reze Arc,2025-09-19,4100000,158289386,100,8.286,533,77.2644,"['Animation', 'Action', 'Romance', 'Fantasy']"
1223601,Sisu: Road to Revenge,2025-10-21,12200000,9169696,89,7.493,367,137.8916,"['Action', 'War']"
1228246,Five Nights at Freddy's 2,2025-12-03,36000000,220645215,104,6.9,454,274.2896,"['Horror', 'Thriller']"
1230368,Springsteen: Deliver Me from Nowhere,2025-10-22,55000000,45053172,120,7.0,150,24.6922,"['Drama', 'Music']"
1233066,Manitou's Canoe,2025-08-14,0,57840726,89,6.9,106,14.0265,"['Comedy', 'Western']"
1233413,Sinners,2025-04-16,100000000,365878513,138,7.5,3112,53.1377,"['Horror', 'Action', 'Thriller']"
1234731,Anaconda,2025-12-24,45000000,43650000,100,6.7,79,105.5498,"['Adventure', 'Comedy', 'Horror']"
1234821,Jurassic World Rebirth,2025-07-01,180000000,869115756,134,6.4,2684,50.6369,"['Science Fiction', 'Adventure', 'Action']"
1241436,Warfare,2025-04-09,20000000,33649631,95,7.093,1198,14.8627,"['War', 'Action']"
1241470,Osiris,2025-07-25,0,0,108,6.165,158,17.1042,"['Science Fiction', 'Action', 'Horror']"
1241752,Rita,2024-03-22,0,0,113,6.05,20,16.1808,['Drama']
1241982,Moana 2,2024-11-21,150000000,1059242164,100,7.0,2851,27.5083,"['Family', 'Comedy', 'Adventure', 'Animation', 'Fantasy']"
1241983,Train Dreams,2025-11-05,10000000,0,102,7.29,372,21.0608,['Drama']
1242011,Together,2025-07-28,17000000,32273161,102,7.095,783,19.4677,"['Horror', 'Romance']"
1242419,Roofman,2025-10-08,18000000,34121603,126,7.2,369,27.1912,"['Crime', 'Comedy', 'Drama']"
1242898,Predator: Badlands,2025-11-05,105000000,184278121,107,7.324,717,116.9332,"['Action', 'Science Fiction', 'Adventure']"
1244492,Look Back,2024-06-28,0,12648664,58,8.068,450,8.2309,"['Animation', 'Drama']"
1246049,Dracula,2025-07-30,52000000,25788866,130,7.124,679,58.1883,"['Horror', 'Fantasy', 'Romance']"
1247002,The Old Woman with the Knife,2025-04-30,0,0,123,6.5,45,207.8308,"['Action', 'Mystery', 'Drama']"
1248226,Playdate,2025-11-05,0,0,93,6.137,430,35.3387,"['Action', 'Comedy', 'Family']"
1252428,Anaconda,2024-03-01,0,0,84,7.139,115,20.3702,"['Adventure', 'Horror', 'Thriller']"
1255775,Merv,2025-12-09,0,0,105,5.8,76,17.5948,"['Comedy', 'Romance']"
1257009,Primitive War,2025-08-21,0,217753,133,6.778,198,20.9967,"['Action', 'Horror', 'War']"
1259102,Eternity,2025-11-26,12000000,32066992,114,7.1,205,78.1747,"['Romance', 'Comedy', 'Drama']"
1261825,Oh. What. Fun.,2025-12-03,0,0,108,5.628,195,13.5551,['Comedy']
1266990,Kulong,2024-05-24,0,0,48,6.0,7,44.2384,['Drama']
1267319,Mantis,2025-09-25,0,0,113,6.328,122,14.3612,"['Action', 'Crime', 'Thriller']"
1267905,The Roses,2025-08-27,30000000,51981278,105,6.7,473,13.1259,"['Comedy', 'Drama']"
1274751,Blue Sun Palace,2025-03-12,0,0,117,6.1,8,13.1568,['Drama']
1278983,Under the Stars,2025-11-09,0,0,99,5.6,9,14.1939,"['Romance', 'Comedy']"
1280450,Stolen Girl,2025-09-04,26000000,92691,110,6.4,105,19.3063,"['Thriller', 'Action', 'Adventure']"
1284120,The Ugly Stepsister,2025-03-07,4250000,5325096,109,7.313,772,21.5553,"['Horror', 'Comedy', 'Fantasy', 'Drama']"
1286185,The Carpenter's Son,2025-11-13,10000000,0,94,5.379,33,32.7618,['Horror']
1287571,Agak Laen: Menyala Pantiku!,2025-11-27,0,0,119,8.2,5,18.1469,"['Comedy', 'Crime', 'Drama', 'Mystery']"
1290183,The First Ride,2025-10-29,0,0,117,6.6,5,16.8572,"['Comedy', 'Drama', 'Adventure']"
1291608,Dhurandhar,2025-12-05,16500000,110000000,212,6.315,124,57.4571,"['Action', 'Thriller']"
1294203,My Fault: London,2025-02-12,0,0,118,7.406,512,16.2958,"['Drama', 'Romance']"
1294706,That Summer in Paris,2025-06-11,0,0,77,6.4,10,28.4438,"['Comedy', 'Drama']"
1296504,Stand Your Ground,2025-05-09,0,0,100,4.5,61,16.5577,"['Action', 'Thriller', 'Crime']"
1301409,Designer Shit,2023-09-21,0,0,69,0.0,0,14.5676,[]
1302017,Uhaw,2024-09-13,0,0,94,4.4,5,20.6238,['Drama']
1304625,Bear Claw Camp,2025-08-29,0,0,95,4.5,5,55.3522,"['Comedy', 'Family']"
1305717,Hunting Grounds,2025-05-16,0,0,89,6.591,66,16.6906,"['Action', 'Thriller']"
1308821,First Taste,2024-08-07,0,0,99,5.063,8,15.146,"['Romance', 'Drama']"
1309012,Altered,2025-09-18,15000000,346774,85,6.221,68,41.5922,"['Science Fiction', 'Action']"
1309129,Diabolical,2025-09-29,0,0,95,10.0,1,75.1224,"['Horror', 'Mystery']"
1311031,Demon Slayer: Kimetsu no Yaiba Infinity Castle,2025-07-18,20000000,718473620,156,7.6,628,199.4585,"['Animation', 'Action', 'Fantasy']"
1315303,Primate,2026-01-01,0,0,89,0.0,0,15.8852,"['Horror', 'Thriller']"
1317288,Marty Supreme,2025-12-19,65000000,38606005,150,7.875,44,83.562,['Drama']
1318691,Los Muértimer,2025-08-14,0,0,0,6.5,17,21.718,"['Comedy', 'Horror', 'Mystery', 'Family']"
1322752,COLORFUL STAGE! The Movie: A Miku Who Can't Sing,2025-01-17,0,11669570,105,7.603,29,32.9473,"['Animation', 'Music', 'Drama', 'Science Fiction']"
1327862,Regretting You,2025-10-22,30000000,90452948,116,7.0,218,32.0564,"['Romance', 'Drama']"
1328803,Prisoner of War,2025-09-19,2000000,0,113,7.133,128,14.4745,"['Action', 'War', 'Thriller', 'History']"
1336189,Delivery Run,2025-09-10,0,0,84,5.6,24,114.1513,"['Action', 'Thriller']"
1342341,Captain Sabertooth and the Countess of Grel,2025-02-07,3700000,2225596,77,7.0,6,12.4382,"['Animation', 'Family', 'Adventure']"
1351046,The Talent,2025-09-05,0,0,103,6.1,7,32.0426,['Drama']
1354700,The Ghost Game,2025-08-06,0,0,95,7.1,19,74.0284,"['Horror', 'Mystery', 'Thriller']"
1356039,Counterattack,2025-02-27,0,0,85,8.277,771,8.7328,"['Action', 'Adventure', 'Thriller']"
1357886,Django Undisputed,2024-04-22,3,0,84,6.0,11,14.7656,['Western']
1363123,The Family Plan 2,2025-11-11,0,0,106,6.612,418,50.6207,"['Action', 'Comedy']"
1367575,A Line of Fire,2025-04-05,0,0,86,5.887,62,14.2624,"['Action', 'Thriller']"
1368166,The Housemaid,2025-12-18,35000000,70288087,131,7.572,118,99.8199,"['Mystery', 'Thriller']"
1368337,The Odyssey,2026-07-15,250000000,0,0,0.0,0,14.7878,"['Adventure', 'Drama', 'Fantasy']"
1370124,Sin cobertura,2025-08-22,94,0,94,4.786,14,16.2188,"['Comedy', 'Family', 'Adventure', 'Fantasy']"
1371185,Song Sung Blue,2025-12-25,30000000,0,133,8.0,10,28.9027,"['Drama', 'Music', 'Romance']"
1376434,Predator: Killer of Killers,2025-06-05,0,0,85,7.862,1012,18.8713,"['Animation', 'Action', 'Science Fiction', 'Thriller']"
1382406,Striking Rescue,2024-12-05,0,0,106,7.42,144,13.9453,"['Action', 'Crime', 'Thriller']"
1387382,Hunting Season,2025-12-05,0,0,93,7.133,83,84.1953,"['Action', 'Drama', 'Thriller']"
1388456,Bar Boys: After School,2025-12-25,0,0,126,0.0,0,13.3818,['Drama']
1389255,The Stranger in My Home,2025-06-23,0,0,88,5.6,21,29.1515,"['Thriller', 'Drama']"
1400032,10DANCE,2025-12-17,0,0,127,6.9,51,18.9522,"['Romance', 'Drama']"
1403735,Laila,2025-02-14,0,0,134,5.2,6,38.9086,"['Comedy', 'Romance']"
1415974,Raat Akeli Hai - The Bansal Murders,2025-12-18,0,0,136,6.2,12,24.3727,"['Thriller', 'Mystery', 'Crime', 'Drama']"
1419406,The Shadow's Edge,2025-08-16,0,174400000,142,6.657,185,116.4061,"['Action', 'Crime', 'Thriller']"
1420733,The Cursed: Insatiable Desires,2025-09-17,0,0,97,7.0,5,37.146,"['Horror', 'Thriller']"
1422211,The Pursuit of Lust,2025-01-23,0,0,38,6.5,10,34.9736,"['Romance', 'Drama']"
1426968,The Gentleman,2025-09-26,0,0,89,6.579,38,13.4865,"['Action', 'Crime', 'Thriller']"
1433719,High Ground,2025-03-17,0,0,92,5.9,36,26.8361,"['Thriller', 'Crime', 'Action']"
1435092,Goodbye June,2025-12-12,0,0,114,6.736,53,42.1346,['Drama']
1438030,Slaughterhouse 2,2024-10-23,0,0,93,6.286,7,41.9218,['Horror']
1439112,Muzzle: City of Wolves,2025-11-13,0,0,93,6.803,61,191.3483,"['Action', 'Thriller', 'Mystery']"
1443940,Truth & Treason,2025-10-16,15000000,6045655,121,7.25,10,13.046,"['History', 'Drama', 'Thriller']"
1448560,Wildcat,2025-11-19,50000,0,99,6.2,55,48.0434,"['Action', 'Thriller', 'Crime']"
1456349,It Was Just an Accident,2025-09-27,6000000,9044840,103,7.159,230,24.0885,"['Drama', 'Thriller', 'Crime']"
1468057,GATAO: Big Brothers,2025-08-21,0,0,0,6.8,6,31.3295,"['Crime', 'Action']"
1468417,First Moon,2025-05-06,0,0,97,4.3,53,21.6344,"['Horror', 'Thriller']"
1469354,Border Hunters,2025-10-20,0,0,82,6.341,22,42.9988,"['Action', 'Thriller']"
1472638,Buen Camino,2025-12-25,28100000,0,0,6.61,132,28.2539,"['Comedy', 'Family', 'Adventure']"
1491902,Bang,2025-07-11,0,0,0,6.3,33,130.7631,"['Action', 'Thriller']"
1495694,Beauty from Pain,2025-12-18,0,0,116,0.0,0,34.5152,"['Romance', 'Drama']"
1507275,A Paw Patrol Christmas,2025-10-30,0,0,44,5.6,4,18.7264,"['Animation', 'Family', 'Adventure']"
1511417,Bāhubali: The Epic,2025-10-29,65000000,3500000,224,7.2,13,428.4796,"['Action', 'Drama']"
1511789,Captain Hook : The Cursed Tides,2025-07-11,0,0,90,5.0,41,33.7028,"['Adventure', 'Action', 'Horror']"
1512623,Risqué,2025-08-01,0,0,91,5.929,7,207.2203,"['Action', 'Crime', 'Thriller']"
1522377,Two Worlds One Wish,2025-11-24,0,0,118,7.578,32,13.8801,"['Romance', 'Drama']"
1523145,Your Heart Will Be Broken,2026-03-05,0,0,0,0.0,0,19.7325,['Romance']
1539104,JUJUTSU KAISEN: Execution -Shibuya Incident x The Culling Game Begins-,2025-11-07,0,0,88,5.4,71,59.6674,"['Animation', 'Action']"
1561955,Stephen,2025-12-05,0,0,124,6.7,7,17.7482,['Thriller']
1585476,Kevin Costner Presents: The First Christmas,2025-12-09,0,0,85,7.6,5,13.5127,"['Documentary', 'Drama']"
1588846,Ekis,2025-12-19,0,0,107,7.333,3,15.7517,['Drama']
1589891,A Time for Bravery,2025-12-18,0,0,107,7.852,54,70.4735,"['Comedy', 'Action']"
1591771,Zootopia 3,,0,0,0,0.0,0,19.4685,"['Animation', 'Adventure', 'Family', 'Comedy']"
1603935,"Hasta luego, Leo",2025-12-27,0,0,0,0.0,0,14.0203,['Comedy']
